Book_ID,Title,Author,Department,ISBN,Quantity
FI001,Applied Chemistry - Volume 1,E. Balagurusamy,First Year,978-3-16-304901-0,4
FI002,Engineering Physics - Volume 1,M. Morris Mano,First Year,978-3-16-220327-0,2
FI003,Basic Electrical Engg - Volume 5,R.K. Rajput,First Year,978-3-16-401185-0,8
FI004,Engineering Physics - Volume 3,E. Balagurusamy,First Year,978-3-16-672967-0,3
FI005,Calculus - Volume 1,Galvin,First Year,978-3-16-152484-0,6
FI006,Applied Chemistry - Volume 5,Galvin,First Year,978-3-16-265300-0,2
FI007,Mechanics - Volume 5,Galvin,First Year,978-3-16-890031-0,1
FI008,Basic Electrical Engg - Volume 5,Galvin,First Year,978-3-16-607172-0,6
FI009,Basic Electrical Engg - Volume 4,M. Morris Mano,First Year,978-3-16-288852-0,6
FI010,Engineering Physics - Volume 5,E. Balagurusamy,First Year,978-3-16-142840-0,6
FI011,Applied Chemistry - Volume 2,E. Balagurusamy,First Year,978-3-16-621350-0,8
FI012,Calculus - Volume 5,M. Morris Mano,First Year,978-3-16-743800-0,5
FI013,Mechanics - Volume 4,Galvin,First Year,978-3-16-187811-0,10
FI014,Applied Chemistry - Volume 1,Galvin,First Year,978-3-16-119226-0,4
FI015,Engineering Physics - Volume 5,E. Balagurusamy,First Year,978-3-16-976058-0,2
FI016,Basic Electrical Engg - Volume 4,Galvin,First Year,978-3-16-571626-0,1
FI017,Basic Electrical Engg - Volume 1,Robert Lafore,First Year,978-3-16-842932-0,2
FI018,Mechanics - Volume 3,R.K. Rajput,First Year,978-3-16-408248-0,6
FI019,Engineering Physics - Volume 5,M. Morris Mano,First Year,978-3-16-288134-0,9
FI020,Calculus - Volume 1,E. Balagurusamy,First Year,978-3-16-966214-0,1
FI021,Calculus - Volume 2,M. Morris Mano,First Year,978-3-16-740720-0,7
FI022,Calculus - Volume 4,Robert Lafore,First Year,978-3-16-555725-0,9
FI023,Engineering Physics - Volume 5,M. Morris Mano,First Year,978-3-16-437786-0,8
FI024,Mechanics - Volume 1,R.K. Rajput,First Year,978-3-16-923473-0,9
FI025,Calculus - Volume 4,Galvin,First Year,978-3-16-367352-0,5
FI026,Engineering Physics - Volume 5,R.K. Rajput,First Year,978-3-16-618601-0,10
FI027,Calculus - Volume 1,M. Morris Mano,First Year,978-3-16-974803-0,7
FI028,Mechanics - Volume 1,R.K. Rajput,First Year,978-3-16-657073-0,2
FI029,Engineering Physics - Volume 3,R.K. Rajput,First Year,978-3-16-563884-0,2
FI030,Engineering Physics - Volume 4,Galvin,First Year,978-3-16-973315-0,4
FI031,Engineering Physics - Volume 4,R.K. Rajput,First Year,978-3-16-663244-0,9
FI032,Applied Chemistry - Volume 5,Galvin,First Year,978-3-16-714717-0,4
FI033,Basic Electrical Engg - Volume 5,Robert Lafore,First Year,978-3-16-961361-0,6
FI034,Applied Chemistry - Volume 2,E. Balagurusamy,First Year,978-3-16-378768-0,8
FI035,Basic Electrical Engg - Volume 4,E. Balagurusamy,First Year,978-3-16-837349-0,3
FI036,Basic Electrical Engg - Volume 3,M. Morris Mano,First Year,978-3-16-906394-0,3
FI037,Basic Electrical Engg - Volume 1,Galvin,First Year,978-3-16-803033-0,10
FI038,Calculus - Volume 1,Galvin,First Year,978-3-16-965906-0,7
FI039,Applied Chemistry - Volume 5,Galvin,First Year,978-3-16-249703-0,3
FI040,Mechanics - Volume 3,Galvin,First Year,978-3-16-399526-0,3
FI041,Applied Chemistry - Volume 3,M. Morris Mano,First Year,978-3-16-382492-0,5
FI042,Calculus - Volume 2,E. Balagurusamy,First Year,978-3-16-852530-0,9
FI043,Basic Electrical Engg - Volume 3,M. Morris Mano,First Year,978-3-16-185784-0,3
FI044,Engineering Physics - Volume 4,Robert Lafore,First Year,978-3-16-771179-0,7
FI045,Applied Chemistry - Volume 5,Galvin,First Year,978-3-16-381970-0,10
FI046,Engineering Physics - Volume 5,R.K. Rajput,First Year,978-3-16-802462-0,9
FI047,Basic Electrical Engg - Volume 2,E. Balagurusamy,First Year,978-3-16-612734-0,8
FI048,Basic Electrical Engg - Volume 5,E. Balagurusamy,First Year,978-3-16-975482-0,6
FI049,Applied Chemistry - Volume 3,R.K. Rajput,First Year,978-3-16-521520-0,3
FI050,Engineering Physics - Volume 1,Robert Lafore,First Year,978-3-16-101246-0,1
FI051,Mechanics - Volume 1,E. Balagurusamy,First Year,978-3-16-834448-0,8
FI052,Basic Electrical Engg - Volume 2,R.K. Rajput,First Year,978-3-16-573825-0,9
FI053,Calculus - Volume 5,R.K. Rajput,First Year,978-3-16-649321-0,10
FI054,Calculus - Volume 4,M. Morris Mano,First Year,978-3-16-547335-0,8
FI055,Calculus - Volume 2,R.K. Rajput,First Year,978-3-16-136965-0,7
FI056,Applied Chemistry - Volume 3,E. Balagurusamy,First Year,978-3-16-279302-0,7
FI057,Basic Electrical Engg - Volume 2,Galvin,First Year,978-3-16-831279-0,1
FI058,Applied Chemistry - Volume 5,E. Balagurusamy,First Year,978-3-16-430283-0,5
FI059,Mechanics - Volume 4,R.K. Rajput,First Year,978-3-16-530337-0,5
FI060,Calculus - Volume 4,M. Morris Mano,First Year,978-3-16-908042-0,5
FI061,Basic Electrical Engg - Volume 5,R.K. Rajput,First Year,978-3-16-642263-0,1
FI062,Mechanics - Volume 3,M. Morris Mano,First Year,978-3-16-635166-0,4
FI063,Calculus - Volume 3,E. Balagurusamy,First Year,978-3-16-331189-0,3
FI064,Applied Chemistry - Volume 2,Galvin,First Year,978-3-16-273501-0,2
FI065,Engineering Physics - Volume 3,R.K. Rajput,First Year,978-3-16-751156-0,10
FI066,Engineering Physics - Volume 3,Robert Lafore,First Year,978-3-16-813716-0,10
FI067,Mechanics - Volume 3,M. Morris Mano,First Year,978-3-16-417286-0,6
FI068,Applied Chemistry - Volume 1,M. Morris Mano,First Year,978-3-16-690322-0,1
FI069,Mechanics - Volume 5,Robert Lafore,First Year,978-3-16-708822-0,10
FI070,Mechanics - Volume 5,M. Morris Mano,First Year,978-3-16-606121-0,2
FI071,Basic Electrical Engg - Volume 3,R.K. Rajput,First Year,978-3-16-801977-0,3
FI072,Engineering Physics - Volume 2,E. Balagurusamy,First Year,978-3-16-239489-0,2
FI073,Calculus - Volume 2,E. Balagurusamy,First Year,978-3-16-968466-0,5
FI074,Engineering Physics - Volume 5,Galvin,First Year,978-3-16-707596-0,1
FI075,Mechanics - Volume 1,R.K. Rajput,First Year,978-3-16-666473-0,5
FI076,Engineering Physics - Volume 5,Galvin,First Year,978-3-16-783559-0,8
FI077,Applied Chemistry - Volume 3,E. Balagurusamy,First Year,978-3-16-241680-0,8
FI078,Basic Electrical Engg - Volume 4,Galvin,First Year,978-3-16-620485-0,5
FI079,Engineering Physics - Volume 4,R.K. Rajput,First Year,978-3-16-531133-0,1
FI080,Mechanics - Volume 5,E. Balagurusamy,First Year,978-3-16-560500-0,3
FI081,Mechanics - Volume 4,E. Balagurusamy,First Year,978-3-16-543916-0,7
FI082,Calculus - Volume 3,M. Morris Mano,First Year,978-3-16-164965-0,5
FI083,Engineering Physics - Volume 2,M. Morris Mano,First Year,978-3-16-455997-0,6
FI084,Engineering Physics - Volume 2,R.K. Rajput,First Year,978-3-16-818262-0,10
FI085,Engineering Physics - Volume 3,Robert Lafore,First Year,978-3-16-380844-0,10
FI086,Applied Chemistry - Volume 1,M. Morris Mano,First Year,978-3-16-115477-0,8
FI087,Basic Electrical Engg - Volume 5,R.K. Rajput,First Year,978-3-16-475036-0,1
FI088,Basic Electrical Engg - Volume 2,R.K. Rajput,First Year,978-3-16-638166-0,9
FI089,Applied Chemistry - Volume 3,E. Balagurusamy,First Year,978-3-16-964869-0,2
FI090,Mechanics - Volume 5,Galvin,First Year,978-3-16-191497-0,7
FI091,Mechanics - Volume 3,R.K. Rajput,First Year,978-3-16-487476-0,2
FI092,Mechanics - Volume 1,R.K. Rajput,First Year,978-3-16-906965-0,6
FI093,Calculus - Volume 2,M. Morris Mano,First Year,978-3-16-462807-0,1
FI094,Applied Chemistry - Volume 3,E. Balagurusamy,First Year,978-3-16-408161-0,10
FI095,Basic Electrical Engg - Volume 3,R.K. Rajput,First Year,978-3-16-354137-0,8
FI096,Mechanics - Volume 4,M. Morris Mano,First Year,978-3-16-453644-0,2
FI097,Applied Chemistry - Volume 1,R.K. Rajput,First Year,978-3-16-824399-0,1
FI098,Applied Chemistry - Volume 1,E. Balagurusamy,First Year,978-3-16-661736-0,10
FI099,Mechanics - Volume 5,M. Morris Mano,First Year,978-3-16-723104-0,2
FI100,Applied Chemistry - Volume 4,Galvin,First Year,978-3-16-257882-0,5
CS001,Artificial Intelligence - Volume 1,E. Balagurusamy,CS,978-3-16-588593-0,9
CS002,Data Structures - Volume 4,E. Balagurusamy,CS,978-3-16-832480-0,2
CS003,Operating Systems - Volume 2,Robert Lafore,CS,978-3-16-384623-0,4
CS004,Data Structures - Volume 2,M. Morris Mano,CS,978-3-16-284038-0,1
CS005,Data Structures - Volume 2,M. Morris Mano,CS,978-3-16-362351-0,3
CS006,Operating Systems - Volume 3,R.K. Rajput,CS,978-3-16-427282-0,3
CS007,Compiler Design - Volume 2,E. Balagurusamy,CS,978-3-16-570684-0,2
CS008,Data Structures - Volume 4,M. Morris Mano,CS,978-3-16-876601-0,9
CS009,Operating Systems - Volume 5,E. Balagurusamy,CS,978-3-16-305799-0,4
CS010,Operating Systems - Volume 4,R.K. Rajput,CS,978-3-16-448131-0,2
CS011,Data Structures - Volume 2,Robert Lafore,CS,978-3-16-379207-0,5
CS012,Data Structures - Volume 5,E. Balagurusamy,CS,978-3-16-640554-0,5
CS013,Compiler Design - Volume 2,M. Morris Mano,CS,978-3-16-735853-0,9
CS014,Operating Systems - Volume 5,R.K. Rajput,CS,978-3-16-318564-0,1
CS015,Machine Learning - Volume 5,R.K. Rajput,CS,978-3-16-491074-0,2
CS016,Machine Learning - Volume 5,R.K. Rajput,CS,978-3-16-621728-0,2
CS017,Data Structures - Volume 3,M. Morris Mano,CS,978-3-16-862350-0,5
CS018,Data Structures - Volume 3,M. Morris Mano,CS,978-3-16-287852-0,2
CS019,Operating Systems - Volume 2,Robert Lafore,CS,978-3-16-844895-0,9
CS020,Machine Learning - Volume 3,Robert Lafore,CS,978-3-16-918288-0,9
CS021,Data Structures - Volume 5,R.K. Rajput,CS,978-3-16-636996-0,3
CS022,Operating Systems - Volume 5,R.K. Rajput,CS,978-3-16-974673-0,6
CS023,Operating Systems - Volume 2,E. Balagurusamy,CS,978-3-16-859579-0,6
CS024,Compiler Design - Volume 5,Robert Lafore,CS,978-3-16-924508-0,9
CS025,Data Structures - Volume 2,R.K. Rajput,CS,978-3-16-479554-0,2
CS026,Machine Learning - Volume 5,Robert Lafore,CS,978-3-16-761205-0,6
CS027,Artificial Intelligence - Volume 1,Galvin,CS,978-3-16-684994-0,8
CS028,Operating Systems - Volume 2,E. Balagurusamy,CS,978-3-16-376541-0,7
CS029,Data Structures - Volume 5,M. Morris Mano,CS,978-3-16-582779-0,1
CS030,Operating Systems - Volume 4,Robert Lafore,CS,978-3-16-323066-0,8
CS031,Artificial Intelligence - Volume 2,Robert Lafore,CS,978-3-16-704991-0,6
CS032,Operating Systems - Volume 5,M. Morris Mano,CS,978-3-16-406522-0,7
CS033,Compiler Design - Volume 3,R.K. Rajput,CS,978-3-16-751258-0,3
CS034,Artificial Intelligence - Volume 5,E. Balagurusamy,CS,978-3-16-818832-0,2
CS035,Operating Systems - Volume 5,Galvin,CS,978-3-16-494927-0,6
CS036,Data Structures - Volume 1,R.K. Rajput,CS,978-3-16-399928-0,2
CS037,Compiler Design - Volume 3,R.K. Rajput,CS,978-3-16-322468-0,4
CS038,Artificial Intelligence - Volume 2,R.K. Rajput,CS,978-3-16-589506-0,9
CS039,Machine Learning - Volume 2,Robert Lafore,CS,978-3-16-947200-0,1
CS040,Machine Learning - Volume 5,Galvin,CS,978-3-16-181405-0,2
CS041,Compiler Design - Volume 3,Galvin,CS,978-3-16-762323-0,6
CS042,Operating Systems - Volume 2,R.K. Rajput,CS,978-3-16-276485-0,6
CS043,Compiler Design - Volume 4,R.K. Rajput,CS,978-3-16-511639-0,3
CS044,Operating Systems - Volume 5,Galvin,CS,978-3-16-360368-0,1
CS045,Compiler Design - Volume 5,Robert Lafore,CS,978-3-16-295424-0,4
CS046,Machine Learning - Volume 3,Robert Lafore,CS,978-3-16-104383-0,6
CS047,Artificial Intelligence - Volume 2,Galvin,CS,978-3-16-754031-0,7
CS048,Data Structures - Volume 5,M. Morris Mano,CS,978-3-16-694062-0,1
CS049,Compiler Design - Volume 4,M. Morris Mano,CS,978-3-16-530510-0,6
CS050,Machine Learning - Volume 2,Robert Lafore,CS,978-3-16-452578-0,1
CS051,Operating Systems - Volume 2,R.K. Rajput,CS,978-3-16-291290-0,9
CS052,Data Structures - Volume 5,M. Morris Mano,CS,978-3-16-528589-0,5
CS053,Compiler Design - Volume 2,M. Morris Mano,CS,978-3-16-121492-0,4
CS054,Data Structures - Volume 4,Robert Lafore,CS,978-3-16-542271-0,7
CS055,Artificial Intelligence - Volume 5,M. Morris Mano,CS,978-3-16-737045-0,6
CS056,Artificial Intelligence - Volume 5,Galvin,CS,978-3-16-759130-0,3
CS057,Compiler Design - Volume 2,Robert Lafore,CS,978-3-16-680171-0,10
CS058,Machine Learning - Volume 5,E. Balagurusamy,CS,978-3-16-216089-0,6
CS059,Machine Learning - Volume 1,M. Morris Mano,CS,978-3-16-829227-0,7
CS060,Operating Systems - Volume 3,M. Morris Mano,CS,978-3-16-371207-0,7
CS061,Compiler Design - Volume 1,Robert Lafore,CS,978-3-16-852199-0,10
CS062,Operating Systems - Volume 2,R.K. Rajput,CS,978-3-16-206612-0,2
CS063,Machine Learning - Volume 4,M. Morris Mano,CS,978-3-16-495775-0,2
CS064,Machine Learning - Volume 5,Galvin,CS,978-3-16-533098-0,4
CS065,Data Structures - Volume 1,M. Morris Mano,CS,978-3-16-127113-0,8
CS066,Artificial Intelligence - Volume 1,M. Morris Mano,CS,978-3-16-175780-0,10
CS067,Compiler Design - Volume 2,Galvin,CS,978-3-16-276411-0,3
CS068,Operating Systems - Volume 2,E. Balagurusamy,CS,978-3-16-631652-0,10
CS069,Compiler Design - Volume 5,Robert Lafore,CS,978-3-16-114185-0,2
CS070,Data Structures - Volume 3,Robert Lafore,CS,978-3-16-738912-0,10
CS071,Artificial Intelligence - Volume 5,M. Morris Mano,CS,978-3-16-791009-0,1
CS072,Artificial Intelligence - Volume 3,E. Balagurusamy,CS,978-3-16-186545-0,5
CS073,Data Structures - Volume 1,R.K. Rajput,CS,978-3-16-584476-0,1
CS074,Machine Learning - Volume 5,R.K. Rajput,CS,978-3-16-280552-0,2
CS075,Data Structures - Volume 4,R.K. Rajput,CS,978-3-16-793232-0,3
CS076,Artificial Intelligence - Volume 2,M. Morris Mano,CS,978-3-16-916769-0,8
CS077,Artificial Intelligence - Volume 1,Galvin,CS,978-3-16-263200-0,3
CS078,Machine Learning - Volume 1,E. Balagurusamy,CS,978-3-16-538162-0,6
CS079,Operating Systems - Volume 2,E. Balagurusamy,CS,978-3-16-545498-0,5
CS080,Artificial Intelligence - Volume 4,Galvin,CS,978-3-16-708999-0,10
CS081,Operating Systems - Volume 1,M. Morris Mano,CS,978-3-16-736772-0,10
CS082,Data Structures - Volume 1,E. Balagurusamy,CS,978-3-16-184033-0,3
CS083,Operating Systems - Volume 2,R.K. Rajput,CS,978-3-16-483503-0,6
CS084,Compiler Design - Volume 3,Galvin,CS,978-3-16-689525-0,3
CS085,Operating Systems - Volume 4,M. Morris Mano,CS,978-3-16-459087-0,3
CS086,Data Structures - Volume 2,E. Balagurusamy,CS,978-3-16-994352-0,8
CS087,Machine Learning - Volume 1,R.K. Rajput,CS,978-3-16-896867-0,3
CS088,Machine Learning - Volume 5,R.K. Rajput,CS,978-3-16-309541-0,6
CS089,Machine Learning - Volume 2,E. Balagurusamy,CS,978-3-16-119883-0,2
CS090,Machine Learning - Volume 3,E. Balagurusamy,CS,978-3-16-409089-0,5
CS091,Compiler Design - Volume 1,R.K. Rajput,CS,978-3-16-951927-0,7
CS092,Artificial Intelligence - Volume 4,Galvin,CS,978-3-16-496090-0,9
CS093,Compiler Design - Volume 5,M. Morris Mano,CS,978-3-16-401685-0,2
CS094,Compiler Design - Volume 4,M. Morris Mano,CS,978-3-16-742597-0,4
CS095,Machine Learning - Volume 1,Robert Lafore,CS,978-3-16-948848-0,10
CS096,Data Structures - Volume 2,M. Morris Mano,CS,978-3-16-273963-0,10
CS097,Data Structures - Volume 1,Galvin,CS,978-3-16-158341-0,7
CS098,Compiler Design - Volume 2,Robert Lafore,CS,978-3-16-891391-0,8
CS099,Compiler Design - Volume 3,E. Balagurusamy,CS,978-3-16-650658-0,1
CS100,Machine Learning - Volume 2,Galvin,CS,978-3-16-589245-0,5
IT001,Database Systems - Volume 2,M. Morris Mano,IT,978-3-16-606927-0,8
IT002,Cyber Security - Volume 1,Robert Lafore,IT,978-3-16-935887-0,9
IT003,Cyber Security - Volume 5,E. Balagurusamy,IT,978-3-16-656215-0,2
IT004,Cloud Computing - Volume 2,R.K. Rajput,IT,978-3-16-899201-0,8
IT005,Big Data Analytics - Volume 4,R.K. Rajput,IT,978-3-16-390373-0,8
IT006,Database Systems - Volume 1,E. Balagurusamy,IT,978-3-16-654409-0,2
IT007,Software Engineering - Volume 5,M. Morris Mano,IT,978-3-16-540321-0,5
IT008,Software Engineering - Volume 4,E. Balagurusamy,IT,978-3-16-871975-0,1
IT009,Software Engineering - Volume 1,M. Morris Mano,IT,978-3-16-185254-0,6
IT010,Cyber Security - Volume 2,M. Morris Mano,IT,978-3-16-290400-0,3
IT011,Cloud Computing - Volume 4,M. Morris Mano,IT,978-3-16-319925-0,9
IT012,Big Data Analytics - Volume 3,Galvin,IT,978-3-16-606115-0,3
IT013,Cloud Computing - Volume 2,M. Morris Mano,IT,978-3-16-681819-0,5
IT014,Cyber Security - Volume 1,R.K. Rajput,IT,978-3-16-493085-0,7
IT015,Software Engineering - Volume 3,E. Balagurusamy,IT,978-3-16-452157-0,1
IT016,Software Engineering - Volume 5,Robert Lafore,IT,978-3-16-436226-0,5
IT017,Software Engineering - Volume 4,R.K. Rajput,IT,978-3-16-990876-0,2
IT018,Big Data Analytics - Volume 3,Galvin,IT,978-3-16-710092-0,1
IT019,Software Engineering - Volume 3,R.K. Rajput,IT,978-3-16-649264-0,10
IT020,Cloud Computing - Volume 3,Robert Lafore,IT,978-3-16-234040-0,8
IT021,Software Engineering - Volume 5,Galvin,IT,978-3-16-223911-0,2
IT022,Cyber Security - Volume 4,Robert Lafore,IT,978-3-16-295303-0,3
IT023,Cloud Computing - Volume 2,Robert Lafore,IT,978-3-16-631947-0,9
IT024,Big Data Analytics - Volume 4,E. Balagurusamy,IT,978-3-16-829687-0,3
IT025,Software Engineering - Volume 3,R.K. Rajput,IT,978-3-16-661195-0,3
IT026,Big Data Analytics - Volume 3,M. Morris Mano,IT,978-3-16-993435-0,10
IT027,Cloud Computing - Volume 1,Robert Lafore,IT,978-3-16-884615-0,8
IT028,Cyber Security - Volume 4,R.K. Rajput,IT,978-3-16-912806-0,4
IT029,Cloud Computing - Volume 2,R.K. Rajput,IT,978-3-16-295863-0,4
IT030,Software Engineering - Volume 5,Robert Lafore,IT,978-3-16-143370-0,10
IT031,Database Systems - Volume 5,R.K. Rajput,IT,978-3-16-700698-0,9
IT032,Big Data Analytics - Volume 2,Galvin,IT,978-3-16-698073-0,5
IT033,Big Data Analytics - Volume 2,R.K. Rajput,IT,978-3-16-914645-0,5
IT034,Database Systems - Volume 2,R.K. Rajput,IT,978-3-16-456118-0,10
IT035,Cloud Computing - Volume 5,Galvin,IT,978-3-16-372391-0,8
IT036,Software Engineering - Volume 1,E. Balagurusamy,IT,978-3-16-936663-0,1
IT037,Cyber Security - Volume 1,Robert Lafore,IT,978-3-16-949844-0,10
IT038,Software Engineering - Volume 3,M. Morris Mano,IT,978-3-16-794275-0,9
IT039,Big Data Analytics - Volume 3,Galvin,IT,978-3-16-403973-0,5
IT040,Cloud Computing - Volume 4,Galvin,IT,978-3-16-583126-0,8
IT041,Cloud Computing - Volume 1,Galvin,IT,978-3-16-418277-0,10
IT042,Cloud Computing - Volume 2,M. Morris Mano,IT,978-3-16-782195-0,8
IT043,Software Engineering - Volume 2,Robert Lafore,IT,978-3-16-278567-0,3
IT044,Software Engineering - Volume 4,E. Balagurusamy,IT,978-3-16-998543-0,10
IT045,Cloud Computing - Volume 2,R.K. Rajput,IT,978-3-16-629570-0,9
IT046,Software Engineering - Volume 2,R.K. Rajput,IT,978-3-16-618756-0,4
IT047,Cyber Security - Volume 2,E. Balagurusamy,IT,978-3-16-549617-0,8
IT048,Cyber Security - Volume 4,M. Morris Mano,IT,978-3-16-364238-0,9
IT049,Cloud Computing - Volume 1,E. Balagurusamy,IT,978-3-16-868387-0,6
IT050,Software Engineering - Volume 1,Galvin,IT,978-3-16-822679-0,8
IT051,Cloud Computing - Volume 1,M. Morris Mano,IT,978-3-16-929609-0,4
IT052,Database Systems - Volume 3,E. Balagurusamy,IT,978-3-16-194580-0,4
IT053,Cyber Security - Volume 2,Robert Lafore,IT,978-3-16-231360-0,9
IT054,Database Systems - Volume 3,M. Morris Mano,IT,978-3-16-753228-0,3
IT055,Cloud Computing - Volume 2,Robert Lafore,IT,978-3-16-210128-0,10
IT056,Database Systems - Volume 3,M. Morris Mano,IT,978-3-16-545041-0,8
IT057,Big Data Analytics - Volume 3,M. Morris Mano,IT,978-3-16-164764-0,3
IT058,Cyber Security - Volume 1,Robert Lafore,IT,978-3-16-566684-0,10
IT059,Software Engineering - Volume 3,M. Morris Mano,IT,978-3-16-929584-0,3
IT060,Database Systems - Volume 2,Galvin,IT,978-3-16-666742-0,2
IT061,Cloud Computing - Volume 1,E. Balagurusamy,IT,978-3-16-477621-0,8
IT062,Database Systems - Volume 2,E. Balagurusamy,IT,978-3-16-388118-0,3
IT063,Big Data Analytics - Volume 1,M. Morris Mano,IT,978-3-16-145849-0,5
IT064,Software Engineering - Volume 2,R.K. Rajput,IT,978-3-16-897546-0,1
IT065,Cyber Security - Volume 1,Robert Lafore,IT,978-3-16-942220-0,10
IT066,Big Data Analytics - Volume 5,E. Balagurusamy,IT,978-3-16-710896-0,1
IT067,Cyber Security - Volume 1,M. Morris Mano,IT,978-3-16-466580-0,10
IT068,Big Data Analytics - Volume 1,Robert Lafore,IT,978-3-16-486665-0,4
IT069,Software Engineering - Volume 3,E. Balagurusamy,IT,978-3-16-467562-0,8
IT070,Cloud Computing - Volume 2,E. Balagurusamy,IT,978-3-16-908127-0,6
IT071,Database Systems - Volume 3,Robert Lafore,IT,978-3-16-151082-0,2
IT072,Cyber Security - Volume 4,Galvin,IT,978-3-16-433529-0,2
IT073,Big Data Analytics - Volume 4,E. Balagurusamy,IT,978-3-16-930681-0,5
IT074,Database Systems - Volume 1,Robert Lafore,IT,978-3-16-750102-0,7
IT075,Database Systems - Volume 3,E. Balagurusamy,IT,978-3-16-846513-0,6
IT076,Cloud Computing - Volume 5,R.K. Rajput,IT,978-3-16-245602-0,1
IT077,Big Data Analytics - Volume 5,Galvin,IT,978-3-16-138063-0,10
IT078,Cyber Security - Volume 1,E. Balagurusamy,IT,978-3-16-802249-0,10
IT079,Big Data Analytics - Volume 5,R.K. Rajput,IT,978-3-16-731247-0,2
IT080,Database Systems - Volume 1,Galvin,IT,978-3-16-598799-0,10
IT081,Big Data Analytics - Volume 4,Galvin,IT,978-3-16-950843-0,6
IT082,Cloud Computing - Volume 3,R.K. Rajput,IT,978-3-16-522331-0,2
IT083,Cloud Computing - Volume 2,M. Morris Mano,IT,978-3-16-779451-0,5
IT084,Cyber Security - Volume 1,M. Morris Mano,IT,978-3-16-228628-0,2
IT085,Software Engineering - Volume 2,Galvin,IT,978-3-16-424611-0,10
IT086,Database Systems - Volume 5,Robert Lafore,IT,978-3-16-601894-0,3
IT087,Big Data Analytics - Volume 4,R.K. Rajput,IT,978-3-16-951299-0,2
IT088,Software Engineering - Volume 2,E. Balagurusamy,IT,978-3-16-929952-0,3
IT089,Software Engineering - Volume 4,M. Morris Mano,IT,978-3-16-634144-0,3
IT090,Software Engineering - Volume 5,Galvin,IT,978-3-16-470190-0,8
IT091,Cloud Computing - Volume 5,Galvin,IT,978-3-16-916674-0,3
IT092,Cyber Security - Volume 3,M. Morris Mano,IT,978-3-16-854679-0,2
IT093,Software Engineering - Volume 1,E. Balagurusamy,IT,978-3-16-394181-0,10
IT094,Cyber Security - Volume 5,R.K. Rajput,IT,978-3-16-675791-0,7
IT095,Cyber Security - Volume 3,Galvin,IT,978-3-16-225780-0,5
IT096,Big Data Analytics - Volume 5,Robert Lafore,IT,978-3-16-286691-0,3
IT097,Cloud Computing - Volume 1,Galvin,IT,978-3-16-643703-0,8
IT098,Database Systems - Volume 1,M. Morris Mano,IT,978-3-16-601977-0,10
IT099,Big Data Analytics - Volume 4,Robert Lafore,IT,978-3-16-576867-0,10
IT100,Database Systems - Volume 2,Galvin,IT,978-3-16-818049-0,2
EC001,Computer Organization - Volume 3,Galvin,ECS,978-3-16-402373-0,1
EC002,Computer Organization - Volume 1,Galvin,ECS,978-3-16-982950-0,10
EC003,Computer Organization - Volume 5,R.K. Rajput,ECS,978-3-16-239763-0,3
EC004,Computer Organization - Volume 4,E. Balagurusamy,ECS,978-3-16-879743-0,7
EC005,Digital Logic Design - Volume 1,Robert Lafore,ECS,978-3-16-721085-0,4
EC006,Embedded Systems - Volume 4,R.K. Rajput,ECS,978-3-16-775727-0,3
EC007,Computer Organization - Volume 3,Robert Lafore,ECS,978-3-16-445691-0,7
EC008,IOT Architecture - Volume 2,R.K. Rajput,ECS,978-3-16-683631-0,4
EC009,IOT Architecture - Volume 1,M. Morris Mano,ECS,978-3-16-209753-0,3
EC010,IOT Architecture - Volume 2,Galvin,ECS,978-3-16-447372-0,6
EC011,Computer Organization - Volume 3,R.K. Rajput,ECS,978-3-16-189960-0,8
EC012,IOT Architecture - Volume 5,M. Morris Mano,ECS,978-3-16-266703-0,3
EC013,Digital Logic Design - Volume 1,M. Morris Mano,ECS,978-3-16-419999-0,10
EC014,Computer Organization - Volume 5,E. Balagurusamy,ECS,978-3-16-150200-0,3
EC015,Embedded Systems - Volume 5,R.K. Rajput,ECS,978-3-16-194190-0,8
EC016,Digital Logic Design - Volume 3,Galvin,ECS,978-3-16-274134-0,6
EC017,IOT Architecture - Volume 3,M. Morris Mano,ECS,978-3-16-627420-0,5
EC018,Computer Organization - Volume 2,R.K. Rajput,ECS,978-3-16-256676-0,10
EC019,VLSI Design - Volume 5,E. Balagurusamy,ECS,978-3-16-692409-0,10
EC020,Digital Logic Design - Volume 1,Robert Lafore,ECS,978-3-16-689103-0,2
EC021,Computer Organization - Volume 5,Galvin,ECS,978-3-16-307407-0,5
EC022,Embedded Systems - Volume 4,Robert Lafore,ECS,978-3-16-111861-0,2
EC023,VLSI Design - Volume 1,Galvin,ECS,978-3-16-998449-0,1
EC024,Digital Logic Design - Volume 4,M. Morris Mano,ECS,978-3-16-948693-0,10
EC025,VLSI Design - Volume 5,R.K. Rajput,ECS,978-3-16-385883-0,5
EC026,Digital Logic Design - Volume 1,Galvin,ECS,978-3-16-196847-0,6
EC027,VLSI Design - Volume 2,Galvin,ECS,978-3-16-685782-0,2
EC028,IOT Architecture - Volume 1,E. Balagurusamy,ECS,978-3-16-577613-0,8
EC029,Digital Logic Design - Volume 1,Galvin,ECS,978-3-16-172211-0,8
EC030,Embedded Systems - Volume 2,E. Balagurusamy,ECS,978-3-16-118472-0,5
EC031,Digital Logic Design - Volume 4,Robert Lafore,ECS,978-3-16-240109-0,8
EC032,Embedded Systems - Volume 4,Galvin,ECS,978-3-16-213054-0,10
EC033,VLSI Design - Volume 3,M. Morris Mano,ECS,978-3-16-730908-0,6
EC034,Computer Organization - Volume 4,Galvin,ECS,978-3-16-850791-0,2
EC035,IOT Architecture - Volume 2,Robert Lafore,ECS,978-3-16-266630-0,10
EC036,IOT Architecture - Volume 1,Galvin,ECS,978-3-16-276712-0,10
EC037,Computer Organization - Volume 2,Galvin,ECS,978-3-16-605264-0,7
EC038,Embedded Systems - Volume 2,Galvin,ECS,978-3-16-387488-0,4
EC039,Digital Logic Design - Volume 1,Galvin,ECS,978-3-16-596506-0,2
EC040,IOT Architecture - Volume 4,E. Balagurusamy,ECS,978-3-16-201353-0,6
EC041,IOT Architecture - Volume 3,R.K. Rajput,ECS,978-3-16-224752-0,10
EC042,Computer Organization - Volume 2,R.K. Rajput,ECS,978-3-16-875768-0,6
EC043,Digital Logic Design - Volume 4,E. Balagurusamy,ECS,978-3-16-127000-0,6
EC044,Computer Organization - Volume 3,R.K. Rajput,ECS,978-3-16-868052-0,3
EC045,Digital Logic Design - Volume 1,Galvin,ECS,978-3-16-601119-0,5
EC046,Digital Logic Design - Volume 2,M. Morris Mano,ECS,978-3-16-892887-0,4
EC047,Computer Organization - Volume 5,M. Morris Mano,ECS,978-3-16-448887-0,1
EC048,Computer Organization - Volume 3,R.K. Rajput,ECS,978-3-16-873517-0,4
EC049,Embedded Systems - Volume 5,R.K. Rajput,ECS,978-3-16-558603-0,1
EC050,Computer Organization - Volume 4,E. Balagurusamy,ECS,978-3-16-918619-0,3
EC051,Embedded Systems - Volume 5,Robert Lafore,ECS,978-3-16-771524-0,5
EC052,Embedded Systems - Volume 1,Galvin,ECS,978-3-16-502384-0,4
EC053,IOT Architecture - Volume 5,R.K. Rajput,ECS,978-3-16-963006-0,2
EC054,Computer Organization - Volume 1,M. Morris Mano,ECS,978-3-16-341024-0,5
EC055,VLSI Design - Volume 4,Galvin,ECS,978-3-16-699883-0,7
EC056,Digital Logic Design - Volume 4,Galvin,ECS,978-3-16-237088-0,5
EC057,Embedded Systems - Volume 2,R.K. Rajput,ECS,978-3-16-170531-0,10
EC058,Embedded Systems - Volume 1,Robert Lafore,ECS,978-3-16-556023-0,2
EC059,Computer Organization - Volume 1,Galvin,ECS,978-3-16-905660-0,7
EC060,VLSI Design - Volume 3,Robert Lafore,ECS,978-3-16-398332-0,3
EC061,IOT Architecture - Volume 5,E. Balagurusamy,ECS,978-3-16-859065-0,1
EC062,Digital Logic Design - Volume 3,E. Balagurusamy,ECS,978-3-16-724118-0,5
EC063,IOT Architecture - Volume 2,E. Balagurusamy,ECS,978-3-16-524631-0,7
EC064,Embedded Systems - Volume 2,Galvin,ECS,978-3-16-895136-0,2
EC065,Computer Organization - Volume 2,M. Morris Mano,ECS,978-3-16-871073-0,8
EC066,VLSI Design - Volume 1,Galvin,ECS,978-3-16-523956-0,5
EC067,Digital Logic Design - Volume 5,R.K. Rajput,ECS,978-3-16-206821-0,10
EC068,VLSI Design - Volume 4,E. Balagurusamy,ECS,978-3-16-130062-0,2
EC069,Digital Logic Design - Volume 4,E. Balagurusamy,ECS,978-3-16-420262-0,8
EC070,Digital Logic Design - Volume 4,R.K. Rajput,ECS,978-3-16-248829-0,10
EC071,Embedded Systems - Volume 5,R.K. Rajput,ECS,978-3-16-288584-0,7
EC072,VLSI Design - Volume 1,R.K. Rajput,ECS,978-3-16-134966-0,8
EC073,Embedded Systems - Volume 3,Galvin,ECS,978-3-16-887803-0,6
EC074,IOT Architecture - Volume 3,Galvin,ECS,978-3-16-295869-0,4
EC075,IOT Architecture - Volume 4,R.K. Rajput,ECS,978-3-16-829028-0,8
EC076,VLSI Design - Volume 3,M. Morris Mano,ECS,978-3-16-492460-0,7
EC077,Digital Logic Design - Volume 4,M. Morris Mano,ECS,978-3-16-517328-0,1
EC078,VLSI Design - Volume 2,R.K. Rajput,ECS,978-3-16-607456-0,4
EC079,Embedded Systems - Volume 4,Galvin,ECS,978-3-16-991804-0,4
EC080,Digital Logic Design - Volume 3,Robert Lafore,ECS,978-3-16-546304-0,3
EC081,VLSI Design - Volume 5,Galvin,ECS,978-3-16-868514-0,8
EC082,Digital Logic Design - Volume 1,Galvin,ECS,978-3-16-501535-0,10
EC083,Digital Logic Design - Volume 1,Galvin,ECS,978-3-16-797502-0,4
EC084,Embedded Systems - Volume 5,M. Morris Mano,ECS,978-3-16-156280-0,3
EC085,IOT Architecture - Volume 2,M. Morris Mano,ECS,978-3-16-639972-0,7
EC086,Computer Organization - Volume 4,Galvin,ECS,978-3-16-803675-0,9
EC087,IOT Architecture - Volume 4,M. Morris Mano,ECS,978-3-16-719455-0,10
EC088,Digital Logic Design - Volume 3,E. Balagurusamy,ECS,978-3-16-211782-0,8
EC089,VLSI Design - Volume 5,Robert Lafore,ECS,978-3-16-413657-0,4
EC090,Embedded Systems - Volume 1,R.K. Rajput,ECS,978-3-16-630099-0,8
EC091,IOT Architecture - Volume 4,R.K. Rajput,ECS,978-3-16-141078-0,3
EC092,IOT Architecture - Volume 2,Galvin,ECS,978-3-16-534695-0,4
EC093,VLSI Design - Volume 2,R.K. Rajput,ECS,978-3-16-612404-0,3
EC094,Embedded Systems - Volume 4,E. Balagurusamy,ECS,978-3-16-506037-0,7
EC095,Embedded Systems - Volume 4,E. Balagurusamy,ECS,978-3-16-886949-0,4
EC096,Embedded Systems - Volume 3,Galvin,ECS,978-3-16-127663-0,1
EC097,VLSI Design - Volume 4,Robert Lafore,ECS,978-3-16-886112-0,8
EC098,IOT Architecture - Volume 3,M. Morris Mano,ECS,978-3-16-179989-0,3
EC099,Digital Logic Design - Volume 3,Robert Lafore,ECS,978-3-16-728506-0,6
EC100,Embedded Systems - Volume 5,Robert Lafore,ECS,978-3-16-649588-0,7
EX001,Antenna Theory - Volume 1,M. Morris Mano,EXTC,978-3-16-554197-0,3
EX002,Satellite Comm - Volume 3,Robert Lafore,EXTC,978-3-16-109562-0,1
EX003,Satellite Comm - Volume 2,E. Balagurusamy,EXTC,978-3-16-914103-0,1
EX004,Optical Fiber - Volume 1,R.K. Rajput,EXTC,978-3-16-346162-0,3
EX005,Optical Fiber - Volume 1,Galvin,EXTC,978-3-16-198495-0,2
EX006,Antenna Theory - Volume 1,R.K. Rajput,EXTC,978-3-16-799253-0,8
EX007,Optical Fiber - Volume 5,M. Morris Mano,EXTC,978-3-16-613061-0,7
EX008,Wireless Communication - Volume 4,Robert Lafore,EXTC,978-3-16-952436-0,10
EX009,Wireless Communication - Volume 5,M. Morris Mano,EXTC,978-3-16-266888-0,10
EX010,Antenna Theory - Volume 3,Galvin,EXTC,978-3-16-526283-0,1
EX011,Optical Fiber - Volume 3,R.K. Rajput,EXTC,978-3-16-543223-0,4
EX012,Antenna Theory - Volume 3,Robert Lafore,EXTC,978-3-16-437178-0,9
EX013,Satellite Comm - Volume 1,E. Balagurusamy,EXTC,978-3-16-156413-0,10
EX014,Antenna Theory - Volume 1,M. Morris Mano,EXTC,978-3-16-969482-0,5
EX015,Antenna Theory - Volume 4,R.K. Rajput,EXTC,978-3-16-949743-0,9
EX016,Antenna Theory - Volume 3,R.K. Rajput,EXTC,978-3-16-640620-0,6
EX017,Satellite Comm - Volume 3,R.K. Rajput,EXTC,978-3-16-983155-0,8
EX018,Satellite Comm - Volume 3,Galvin,EXTC,978-3-16-700957-0,4
EX019,Optical Fiber - Volume 5,R.K. Rajput,EXTC,978-3-16-537877-0,2
EX020,Optical Fiber - Volume 1,Galvin,EXTC,978-3-16-643825-0,9
EX021,Antenna Theory - Volume 5,Galvin,EXTC,978-3-16-220453-0,10
EX022,Antenna Theory - Volume 5,Galvin,EXTC,978-3-16-763204-0,9
EX023,Signals and Systems - Volume 3,Galvin,EXTC,978-3-16-460993-0,3
EX024,Optical Fiber - Volume 4,E. Balagurusamy,EXTC,978-3-16-897595-0,6
EX025,Wireless Communication - Volume 1,E. Balagurusamy,EXTC,978-3-16-824740-0,5
EX026,Wireless Communication - Volume 3,E. Balagurusamy,EXTC,978-3-16-578253-0,1
EX027,Satellite Comm - Volume 5,Robert Lafore,EXTC,978-3-16-378229-0,10
EX028,Signals and Systems - Volume 5,Robert Lafore,EXTC,978-3-16-601379-0,10
EX029,Antenna Theory - Volume 3,Galvin,EXTC,978-3-16-860793-0,7
EX030,Signals and Systems - Volume 4,E. Balagurusamy,EXTC,978-3-16-854123-0,10
EX031,Optical Fiber - Volume 3,R.K. Rajput,EXTC,978-3-16-378528-0,1
EX032,Antenna Theory - Volume 1,Robert Lafore,EXTC,978-3-16-683353-0,3
EX033,Optical Fiber - Volume 5,R.K. Rajput,EXTC,978-3-16-621312-0,7
EX034,Wireless Communication - Volume 3,M. Morris Mano,EXTC,978-3-16-758301-0,3
EX035,Signals and Systems - Volume 1,Robert Lafore,EXTC,978-3-16-157719-0,5
EX036,Optical Fiber - Volume 2,Robert Lafore,EXTC,978-3-16-856681-0,4
EX037,Wireless Communication - Volume 1,M. Morris Mano,EXTC,978-3-16-783526-0,6
EX038,Antenna Theory - Volume 5,M. Morris Mano,EXTC,978-3-16-702839-0,3
EX039,Optical Fiber - Volume 3,R.K. Rajput,EXTC,978-3-16-746443-0,10
EX040,Satellite Comm - Volume 2,E. Balagurusamy,EXTC,978-3-16-555634-0,6
EX041,Wireless Communication - Volume 2,R.K. Rajput,EXTC,978-3-16-255274-0,2
EX042,Satellite Comm - Volume 4,E. Balagurusamy,EXTC,978-3-16-388827-0,3
EX043,Wireless Communication - Volume 3,Robert Lafore,EXTC,978-3-16-860123-0,5
EX044,Optical Fiber - Volume 2,M. Morris Mano,EXTC,978-3-16-470441-0,10
EX045,Antenna Theory - Volume 1,E. Balagurusamy,EXTC,978-3-16-332332-0,3
EX046,Antenna Theory - Volume 4,Robert Lafore,EXTC,978-3-16-246582-0,10
EX047,Wireless Communication - Volume 4,M. Morris Mano,EXTC,978-3-16-339286-0,2
EX048,Satellite Comm - Volume 5,M. Morris Mano,EXTC,978-3-16-481589-0,1
EX049,Optical Fiber - Volume 2,M. Morris Mano,EXTC,978-3-16-541076-0,3
EX050,Wireless Communication - Volume 4,Galvin,EXTC,978-3-16-551642-0,6
EX051,Satellite Comm - Volume 5,Galvin,EXTC,978-3-16-962666-0,6
EX052,Wireless Communication - Volume 5,Galvin,EXTC,978-3-16-430114-0,2
EX053,Antenna Theory - Volume 4,Robert Lafore,EXTC,978-3-16-166620-0,8
EX054,Signals and Systems - Volume 4,R.K. Rajput,EXTC,978-3-16-844822-0,7
EX055,Signals and Systems - Volume 5,E. Balagurusamy,EXTC,978-3-16-250844-0,2
EX056,Optical Fiber - Volume 2,E. Balagurusamy,EXTC,978-3-16-655447-0,2
EX057,Satellite Comm - Volume 4,Galvin,EXTC,978-3-16-726897-0,2
EX058,Signals and Systems - Volume 5,R.K. Rajput,EXTC,978-3-16-816344-0,6
EX059,Signals and Systems - Volume 2,E. Balagurusamy,EXTC,978-3-16-120543-0,7
EX060,Antenna Theory - Volume 2,Galvin,EXTC,978-3-16-287156-0,4
EX061,Satellite Comm - Volume 1,R.K. Rajput,EXTC,978-3-16-627617-0,1
EX062,Antenna Theory - Volume 3,M. Morris Mano,EXTC,978-3-16-311956-0,3
EX063,Signals and Systems - Volume 2,Galvin,EXTC,978-3-16-162765-0,7
EX064,Optical Fiber - Volume 3,Robert Lafore,EXTC,978-3-16-342400-0,3
EX065,Optical Fiber - Volume 1,Robert Lafore,EXTC,978-3-16-115078-0,7
EX066,Antenna Theory - Volume 4,Galvin,EXTC,978-3-16-684958-0,9
EX067,Signals and Systems - Volume 1,M. Morris Mano,EXTC,978-3-16-401074-0,2
EX068,Optical Fiber - Volume 2,M. Morris Mano,EXTC,978-3-16-830838-0,2
EX069,Wireless Communication - Volume 1,Galvin,EXTC,978-3-16-831985-0,5
EX070,Optical Fiber - Volume 5,R.K. Rajput,EXTC,978-3-16-424114-0,3
EX071,Signals and Systems - Volume 1,Galvin,EXTC,978-3-16-624626-0,3
EX072,Optical Fiber - Volume 2,Robert Lafore,EXTC,978-3-16-727869-0,6
EX073,Signals and Systems - Volume 3,Robert Lafore,EXTC,978-3-16-583864-0,8
EX074,Satellite Comm - Volume 3,E. Balagurusamy,EXTC,978-3-16-712652-0,9
EX075,Antenna Theory - Volume 5,M. Morris Mano,EXTC,978-3-16-121191-0,1
EX076,Signals and Systems - Volume 1,E. Balagurusamy,EXTC,978-3-16-691494-0,6
EX077,Antenna Theory - Volume 3,Robert Lafore,EXTC,978-3-16-369184-0,5
EX078,Signals and Systems - Volume 4,E. Balagurusamy,EXTC,978-3-16-397013-0,8
EX079,Satellite Comm - Volume 1,E. Balagurusamy,EXTC,978-3-16-295344-0,10
EX080,Wireless Communication - Volume 3,R.K. Rajput,EXTC,978-3-16-693488-0,3
EX081,Optical Fiber - Volume 1,E. Balagurusamy,EXTC,978-3-16-219648-0,5
EX082,Optical Fiber - Volume 4,E. Balagurusamy,EXTC,978-3-16-806140-0,8
EX083,Optical Fiber - Volume 1,E. Balagurusamy,EXTC,978-3-16-869943-0,10
EX084,Signals and Systems - Volume 5,R.K. Rajput,EXTC,978-3-16-381835-0,5
EX085,Optical Fiber - Volume 1,E. Balagurusamy,EXTC,978-3-16-437584-0,9
EX086,Signals and Systems - Volume 1,Galvin,EXTC,978-3-16-805450-0,9
EX087,Wireless Communication - Volume 2,M. Morris Mano,EXTC,978-3-16-421341-0,4
EX088,Signals and Systems - Volume 2,E. Balagurusamy,EXTC,978-3-16-333546-0,4
EX089,Optical Fiber - Volume 5,R.K. Rajput,EXTC,978-3-16-353857-0,3
EX090,Satellite Comm - Volume 1,Robert Lafore,EXTC,978-3-16-531603-0,3
EX091,Signals and Systems - Volume 5,Robert Lafore,EXTC,978-3-16-342200-0,7
EX092,Antenna Theory - Volume 4,Robert Lafore,EXTC,978-3-16-675220-0,9
EX093,Signals and Systems - Volume 3,Robert Lafore,EXTC,978-3-16-779449-0,10
EX094,Signals and Systems - Volume 2,Galvin,EXTC,978-3-16-923314-0,6
EX095,Satellite Comm - Volume 5,Robert Lafore,EXTC,978-3-16-600832-0,10
EX096,Antenna Theory - Volume 2,M. Morris Mano,EXTC,978-3-16-206397-0,8
EX097,Optical Fiber - Volume 5,M. Morris Mano,EXTC,978-3-16-357522-0,6
EX098,Optical Fiber - Volume 2,Galvin,EXTC,978-3-16-788120-0,4
EX099,Signals and Systems - Volume 5,Robert Lafore,EXTC,978-3-16-460007-0,1
EX100,Satellite Comm - Volume 3,M. Morris Mano,EXTC,978-3-16-911803-0,10
ME001,CAD/CAM - Volume 5,R.K. Rajput,MECH,978-3-16-519154-0,8
ME002,Fluid Mechanics - Volume 1,Robert Lafore,MECH,978-3-16-218046-0,8
ME003,Fluid Mechanics - Volume 2,Robert Lafore,MECH,978-3-16-825514-0,5
ME004,Manufacturing Process - Volume 4,M. Morris Mano,MECH,978-3-16-696351-0,6
ME005,Kinematics of Machinery - Volume 5,Galvin,MECH,978-3-16-539117-0,6
ME006,Kinematics of Machinery - Volume 1,Galvin,MECH,978-3-16-551798-0,7
ME007,Fluid Mechanics - Volume 5,E. Balagurusamy,MECH,978-3-16-434639-0,6
ME008,Kinematics of Machinery - Volume 5,Galvin,MECH,978-3-16-896065-0,2
ME009,Manufacturing Process - Volume 4,Robert Lafore,MECH,978-3-16-815708-0,6
ME010,Fluid Mechanics - Volume 2,E. Balagurusamy,MECH,978-3-16-298391-0,8
ME011,Strength of Materials - Volume 5,R.K. Rajput,MECH,978-3-16-258611-0,8
ME012,CAD/CAM - Volume 1,Robert Lafore,MECH,978-3-16-562029-0,3
ME013,CAD/CAM - Volume 4,Robert Lafore,MECH,978-3-16-432975-0,5
ME014,Fluid Mechanics - Volume 3,E. Balagurusamy,MECH,978-3-16-613516-0,9
ME015,Manufacturing Process - Volume 4,R.K. Rajput,MECH,978-3-16-544921-0,8
ME016,Kinematics of Machinery - Volume 5,M. Morris Mano,MECH,978-3-16-240545-0,6
ME017,Manufacturing Process - Volume 2,R.K. Rajput,MECH,978-3-16-620913-0,9
ME018,Fluid Mechanics - Volume 5,Galvin,MECH,978-3-16-375868-0,6
ME019,Strength of Materials - Volume 1,Galvin,MECH,978-3-16-143872-0,1
ME020,CAD/CAM - Volume 5,E. Balagurusamy,MECH,978-3-16-725187-0,2
ME021,Strength of Materials - Volume 3,Galvin,MECH,978-3-16-220964-0,1
ME022,CAD/CAM - Volume 2,Robert Lafore,MECH,978-3-16-483512-0,6
ME023,Fluid Mechanics - Volume 1,R.K. Rajput,MECH,978-3-16-660078-0,9
ME024,Fluid Mechanics - Volume 1,Robert Lafore,MECH,978-3-16-817397-0,10
ME025,CAD/CAM - Volume 4,Galvin,MECH,978-3-16-421682-0,8
ME026,Strength of Materials - Volume 3,E. Balagurusamy,MECH,978-3-16-694137-0,3
ME027,Strength of Materials - Volume 4,Robert Lafore,MECH,978-3-16-165541-0,5
ME028,Manufacturing Process - Volume 5,M. Morris Mano,MECH,978-3-16-407851-0,5
ME029,Kinematics of Machinery - Volume 4,M. Morris Mano,MECH,978-3-16-607964-0,10
ME030,Strength of Materials - Volume 1,Galvin,MECH,978-3-16-496604-0,5
ME031,CAD/CAM - Volume 5,E. Balagurusamy,MECH,978-3-16-821783-0,6
ME032,CAD/CAM - Volume 2,E. Balagurusamy,MECH,978-3-16-634653-0,7
ME033,Strength of Materials - Volume 2,Robert Lafore,MECH,978-3-16-505207-0,2
ME034,Manufacturing Process - Volume 1,R.K. Rajput,MECH,978-3-16-446639-0,9
ME035,CAD/CAM - Volume 1,E. Balagurusamy,MECH,978-3-16-686941-0,1
ME036,Strength of Materials - Volume 2,M. Morris Mano,MECH,978-3-16-779190-0,5
ME037,Kinematics of Machinery - Volume 2,Robert Lafore,MECH,978-3-16-318047-0,2
ME038,Strength of Materials - Volume 3,E. Balagurusamy,MECH,978-3-16-629095-0,3
ME039,CAD/CAM - Volume 1,Galvin,MECH,978-3-16-462491-0,6
ME040,Fluid Mechanics - Volume 4,R.K. Rajput,MECH,978-3-16-143099-0,2
ME041,CAD/CAM - Volume 2,M. Morris Mano,MECH,978-3-16-870860-0,8
ME042,CAD/CAM - Volume 2,E. Balagurusamy,MECH,978-3-16-632703-0,9
ME043,Fluid Mechanics - Volume 3,Robert Lafore,MECH,978-3-16-857067-0,9
ME044,Kinematics of Machinery - Volume 2,E. Balagurusamy,MECH,978-3-16-913570-0,3
ME045,CAD/CAM - Volume 1,Robert Lafore,MECH,978-3-16-483718-0,5
ME046,Kinematics of Machinery - Volume 1,Galvin,MECH,978-3-16-566314-0,8
ME047,CAD/CAM - Volume 1,E. Balagurusamy,MECH,978-3-16-440004-0,2
ME048,Kinematics of Machinery - Volume 4,R.K. Rajput,MECH,978-3-16-526073-0,1
ME049,Fluid Mechanics - Volume 2,Galvin,MECH,978-3-16-163531-0,8
ME050,Manufacturing Process - Volume 3,Galvin,MECH,978-3-16-728698-0,9
AU001,Vehicle Dynamics - Volume 1,E. Balagurusamy,AUTO,978-3-16-176399-0,8
AU002,Chassis Design - Volume 4,M. Morris Mano,AUTO,978-3-16-782433-0,2
AU003,Transmission Systems - Volume 1,Robert Lafore,AUTO,978-3-16-140883-0,7
AU004,Vehicle Dynamics - Volume 2,Robert Lafore,AUTO,978-3-16-282158-0,2
AU005,Chassis Design - Volume 4,Robert Lafore,AUTO,978-3-16-592807-0,7
AU006,IC Engines - Volume 1,R.K. Rajput,AUTO,978-3-16-338326-0,7
AU007,IC Engines - Volume 4,Robert Lafore,AUTO,978-3-16-850237-0,3
AU008,Transmission Systems - Volume 5,M. Morris Mano,AUTO,978-3-16-308125-0,6
AU009,Chassis Design - Volume 5,R.K. Rajput,AUTO,978-3-16-527321-0,2
AU010,IC Engines - Volume 3,Robert Lafore,AUTO,978-3-16-423213-0,3
AU011,Chassis Design - Volume 4,Robert Lafore,AUTO,978-3-16-183386-0,10
AU012,Vehicle Dynamics - Volume 2,R.K. Rajput,AUTO,978-3-16-100646-0,6
AU013,Vehicle Dynamics - Volume 4,R.K. Rajput,AUTO,978-3-16-758256-0,5
AU014,IC Engines - Volume 1,Galvin,AUTO,978-3-16-153801-0,9
AU015,IC Engines - Volume 4,E. Balagurusamy,AUTO,978-3-16-778437-0,10
AU016,Chassis Design - Volume 1,Robert Lafore,AUTO,978-3-16-326298-0,3
AU017,Vehicle Dynamics - Volume 4,R.K. Rajput,AUTO,978-3-16-321978-0,7
AU018,Transmission Systems - Volume 4,Galvin,AUTO,978-3-16-280539-0,4
AU019,Transmission Systems - Volume 3,R.K. Rajput,AUTO,978-3-16-770292-0,9
AU020,IC Engines - Volume 4,Galvin,AUTO,978-3-16-781637-0,1
AU021,Transmission Systems - Volume 2,E. Balagurusamy,AUTO,978-3-16-154642-0,9
AU022,IC Engines - Volume 1,M. Morris Mano,AUTO,978-3-16-538924-0,4
AU023,Vehicle Dynamics - Volume 1,E. Balagurusamy,AUTO,978-3-16-277470-0,6
AU024,Chassis Design - Volume 1,R.K. Rajput,AUTO,978-3-16-537733-0,2
AU025,Electric Vehicles - Volume 2,Galvin,AUTO,978-3-16-756188-0,3
AU026,Vehicle Dynamics - Volume 3,Robert Lafore,AUTO,978-3-16-212668-0,1
AU027,IC Engines - Volume 5,Robert Lafore,AUTO,978-3-16-657913-0,1
AU028,Vehicle Dynamics - Volume 3,Galvin,AUTO,978-3-16-511451-0,8
AU029,IC Engines - Volume 4,Robert Lafore,AUTO,978-3-16-567233-0,5
AU030,Electric Vehicles - Volume 5,R.K. Rajput,AUTO,978-3-16-922696-0,5
AU031,Electric Vehicles - Volume 4,M. Morris Mano,AUTO,978-3-16-981086-0,5
AU032,Vehicle Dynamics - Volume 3,E. Balagurusamy,AUTO,978-3-16-868130-0,8
AU033,Vehicle Dynamics - Volume 4,Robert Lafore,AUTO,978-3-16-626573-0,10
AU034,Vehicle Dynamics - Volume 4,E. Balagurusamy,AUTO,978-3-16-152045-0,4
AU035,Chassis Design - Volume 3,R.K. Rajput,AUTO,978-3-16-412602-0,1
AU036,Transmission Systems - Volume 3,E. Balagurusamy,AUTO,978-3-16-897337-0,10
AU037,Vehicle Dynamics - Volume 2,Galvin,AUTO,978-3-16-937477-0,2
AU038,IC Engines - Volume 1,E. Balagurusamy,AUTO,978-3-16-204077-0,7
AU039,Electric Vehicles - Volume 2,Robert Lafore,AUTO,978-3-16-908810-0,1
AU040,Electric Vehicles - Volume 3,Robert Lafore,AUTO,978-3-16-375600-0,5
AU041,IC Engines - Volume 2,Robert Lafore,AUTO,978-3-16-500763-0,9
AU042,Electric Vehicles - Volume 5,Galvin,AUTO,978-3-16-373280-0,9
AU043,Vehicle Dynamics - Volume 4,M. Morris Mano,AUTO,978-3-16-867682-0,6
AU044,Electric Vehicles - Volume 3,R.K. Rajput,AUTO,978-3-16-275146-0,3
AU045,Electric Vehicles - Volume 4,Robert Lafore,AUTO,978-3-16-137700-0,5
AU046,Chassis Design - Volume 3,M. Morris Mano,AUTO,978-3-16-442109-0,5
AU047,Vehicle Dynamics - Volume 1,Robert Lafore,AUTO,978-3-16-833957-0,1
AU048,IC Engines - Volume 4,M. Morris Mano,AUTO,978-3-16-973134-0,4
AU049,Electric Vehicles - Volume 1,R.K. Rajput,AUTO,978-3-16-865116-0,10
AU050,IC Engines - Volume 4,R.K. Rajput,AUTO,978-3-16-985022-0,2
