Name,Admission_Number,Book_ID,Book_Title,Issue_Date,Return_Date,Days_Due
Rohan Gupta 43,2024PE9460,CS087,Discrete Mathematics (Ed 11),2026-02-01,2026-02-07,0
Vihaan Gupta 97,2024PE6636,CS020,Artificial Intelligence: A Modern Approach (Ed 3),2026-02-19,2026-03-20,15
Ananya Joshi,2023PE6150,IT007,Software Engineering (Ed 2),2026-03-17,2026-04-07,7
Aarav Joshi 69,2023PE7730,FI018,Advanced Engineering Mathematics (Ed 3),2026-02-01,2026-02-13,0
Kiara Mehta,2022PE1141,IT094,Cryptography and Network Security (Ed 16),2026-02-20,2026-03-22,16
Ishaan Nair 89,2022PE3804,AU046,Internal Combustion Engines (Ed 12),2026-02-15,2026-03-08,7
Isha Sharma,2022PE5499,AU014,Internal Combustion Engines (Ed 4),2026-02-24,2026-03-01,0
Arjun Deshmukh 24,2024PE5995,IT067,Software Engineering (Ed 12),2026-02-13,2026-03-04,5
Aditya Joshi,2024PE8755,EC083,VLSI Design (Ed 14),2026-02-09,2026-03-11,16
Diya Kulkarni 52,2022PE5213,EC032,Microprocessor Architecture (Ed 6),2026-03-05,2026-03-25,6
Rohan Mehta 56,2024PE1090,CS093,Database System Concepts (Ed 12),2026-03-06,2026-03-27,7
Kiara Nair 32,2024PE6653,EC092,Microprocessor Architecture (Ed 16),2026-03-17,2026-03-30,0
Kiara Gupta,2024PE7088,FI083,Engineering Physics (Ed 11),2026-02-26,2026-03-22,10
Vihaan Gupta,2022PE5333,IT066,The Complete Reference Java (Ed 11),2026-02-04,2026-03-05,15
Arjun Gupta,2023PE6637,EC037,Digital Design (Ed 7),2026-03-13,2026-04-02,6
Aarav Sharma 21,2023PE8370,EC096,Control Systems Engineering (Ed 16),2026-02-02,2026-02-22,6
Tanvi Deshmukh 41,2022PE2358,ME018,Theory of Machines (Ed 4),2026-01-30,2026-02-23,10
Vihaan Nair,2023PE8074,EX027,Antenna Theory (Ed 5),2026-02-02,2026-02-09,0
Sanya Joshi,2024PE5913,IT031,Software Engineering (Ed 6),2026-02-01,2026-02-20,5
Tanvi Mehta,2022PE5334,CS058,Operating System Concepts (Ed 8),2026-02-22,2026-03-10,2
Vihaan Verma 69,2023PE6649,CS031,Discrete Mathematics (Ed 4),2026-02-12,2026-03-11,13
Ananya Iyer,2022PE5931,EX070,Microwave Engineering (Ed 12),2026-02-28,2026-03-23,9
Diya Sharma 81,2024PE9764,FI098,Advanced Engineering Mathematics (Ed 13),2026-03-02,2026-03-08,0
Tanvi Deshmukh 25,2024PE6524,ME049,Strength of Materials (Ed 10),2026-02-12,2026-03-03,5
Aditya Nair,2023PE8918,CS051,Computer Networks (Ed 7),2026-03-09,2026-03-27,4
Aarav Iyer,2024PE1030,EC025,Digital Design (Ed 5),2026-03-04,2026-03-18,0
Ishaan Nair 89,2022PE3804,IT024,The Complete Reference Java (Ed 4),2026-02-26,2026-03-27,15
Aarav Mehta,2024PE1934,EX059,Optical Fiber Communications (Ed 10),2026-02-16,2026-02-24,0
Isha Sharma,2022PE5499,IT007,Software Engineering (Ed 2),2026-03-17,2026-03-23,0
Arjun Deshmukh,2024PE5958,EX082,Microwave Engineering (Ed 14),2026-02-07,2026-02-18,0
Aditya Joshi 3,2023PE8364,ME033,Theory of Machines (Ed 7),2026-03-01,2026-03-13,0
Kiara Kulkarni 28,2023PE8187,FI096,Engineering Graphics (Ed 12),2026-02-27,2026-03-29,16
Vihaan Verma 69,2023PE6649,IT094,Cryptography and Network Security (Ed 16),2026-03-04,2026-03-31,13
Rohan Deshmukh,2022PE5607,EX086,Digital Communications (Ed 15),2026-02-16,2026-03-05,3
Vihaan Mehta 27,2023PE9640,CS052,Artificial Intelligence: A Modern Approach (Ed 7),2026-03-02,2026-03-24,8
Aarav Joshi 3,2023PE1952,AU033,Automotive Mechanics (Ed 9),2026-02-28,2026-03-07,0
Diya Gupta 61,2024PE6356,CS004,Artificial Intelligence: A Modern Approach (Ed 1),2026-02-26,2026-03-17,5
Arjun Patil,2024PE3894,FI041,Higher Engineering Mathematics (Ed 6),2026-03-08,2026-03-29,7
Arjun Iyer,2022PE5160,IT015,Web Technologies (Ed 3),2026-02-18,2026-03-04,0
Diya Mehta 50,2024PE1666,EC012,Control Systems Engineering (Ed 2),2026-03-19,2026-04-12,10
Tanvi Mehta 2,2023PE8436,AU041,Automotive Mechanics (Ed 11),2026-02-12,2026-02-28,2
Diya Kulkarni 93,2023PE6595,FI032,Engineering Graphics (Ed 4),2026-02-04,2026-02-12,0
Vihaan Verma 69,2023PE6649,IT082,Cryptography and Network Security (Ed 14),2026-03-02,2026-03-20,4
Isha Patil,2023PE3208,IT049,Software Engineering (Ed 9),2026-03-08,2026-03-19,0
Ishaan Deshmukh 2,2024PE9291,CS002,Operating System Concepts (Ed 1),2026-02-06,2026-03-03,11
Tanvi Kulkarni 34,2023PE8564,CS008,Speech and Language Processing (Ed 1),2026-03-16,2026-03-30,0
Sanya Sharma,2023PE2446,EX078,Wireless Communications (Ed 13),2026-02-05,2026-03-07,16
Kiara Deshmukh,2024PE9834,FI069,Engineering Mechanics (Ed 9),2026-02-08,2026-03-08,14
Aarav Patil 14,2024PE3666,AU039,Vehicle Dynamics (Ed 10),2026-01-26,2026-02-09,0
Arjun Patil,2024PE3894,CS090,Operating System Concepts (Ed 12),2026-03-03,2026-03-31,14
Ishaan Deshmukh 21,2024PE7519,CS089,Introduction to Algorithms (Ed 12),2026-02-06,2026-03-05,13
Tanvi Joshi,2024PE4954,CS054,Compilers: Principles (Ed 7),2026-01-31,2026-03-01,15
Ishaan Nair,2024PE9817,EX036,Wireless Communications (Ed 6),2026-03-04,2026-03-26,8
Tanvi Patil 12,2022PE3542,EC010,Embedded Systems (Ed 2),2026-03-03,2026-03-26,9
Diya Mehta 41,2023PE1482,FI021,Engineering Mechanics (Ed 3),2026-02-21,2026-03-14,7
Isha Patil,2023PE3208,CS063,Discrete Mathematics (Ed 8),2026-03-01,2026-03-12,0
Tanvi Patil,2024PE5622,EX043,Principles of Communication Systems (Ed 8),2026-03-14,2026-03-23,0
Aditya Gupta,2024PE4098,IT009,Web Technologies (Ed 2),2026-01-31,2026-02-25,11
Ishaan Verma 8,2023PE1338,IT069,Web Technologies (Ed 12),2026-01-27,2026-02-20,10
Aditya Kulkarni 66,2024PE7300,EX049,Principles of Communication Systems (Ed 9),2026-03-07,2026-03-30,9
Vihaan Deshmukh 20,2024PE9335,FI036,Applied Chemistry (Ed 5),2026-03-15,2026-03-29,0
Aditya Kulkarni 66,2024PE7300,ME030,Heat and Mass Transfer (Ed 6),2026-02-12,2026-03-12,14
Diya Kulkarni 52,2022PE5213,ME035,Heat and Mass Transfer (Ed 7),2026-03-02,2026-03-25,9
Tanvi Nair 77,2022PE8417,FI052,Applied Chemistry (Ed 7),2026-02-10,2026-02-23,0
Sanya Mehta 17,2022PE7829,AU007,Vehicle Dynamics (Ed 2),2026-02-07,2026-03-05,12
Ananya Kulkarni 58,2022PE6909,EC051,Signals and Systems (Ed 9),2026-02-06,2026-03-08,16
Rohan Mehta,2022PE3378,FI036,Applied Chemistry (Ed 5),2026-02-15,2026-03-15,14
Ananya Patil,2022PE6915,FI001,Higher Engineering Mathematics (Ed 1),2026-03-13,2026-04-08,12
Aarav Kulkarni 93,2023PE4999,IT052,Cryptography and Network Security (Ed 9),2026-02-15,2026-02-27,0
Aditya Sharma 19,2023PE9780,EC046,Embedded Systems (Ed 8),2026-02-16,2026-03-14,12
Ananya Iyer 32,2022PE9858,EX029,Optical Fiber Communications (Ed 5),2026-02-27,2026-03-09,0
Isha Mehta 32,2022PE3243,FI079,Programming in ANSI C (Ed 10),2026-02-03,2026-03-03,14
Ananya Sharma 15,2023PE4062,EX097,Principles of Communication Systems (Ed 17),2026-02-05,2026-03-03,12
Aarav Mehta,2024PE1934,EX086,Digital Communications (Ed 15),2026-03-10,2026-04-07,14
Ishaan Verma,2024PE6830,IT085,Software Engineering (Ed 15),2026-03-18,2026-03-30,0
Sanya Mehta 17,2022PE7829,FI051,Engineering Physics (Ed 7),2026-01-30,2026-02-22,9
Isha Deshmukh,2024PE3081,EX095,Optical Fiber Communications (Ed 16),2026-03-16,2026-04-03,4
Kiara Patil 26,2022PE7093,FI058,Advanced Engineering Mathematics (Ed 8),2026-02-26,2026-03-07,0
Diya Patil 2,2023PE8033,FI063,Programming in ANSI C (Ed 8),2026-03-09,2026-03-30,7
Vihaan Gupta,2022PE5333,IT054,The Complete Reference Java (Ed 9),2026-02-17,2026-03-05,2
Diya Mehta 14,2024PE7183,CS005,Database System Concepts (Ed 1),2026-02-24,2026-03-20,10
Rohan Mehta 30,2023PE2219,ME015,Heat and Mass Transfer (Ed 3),2026-02-15,2026-03-17,16
Aarav Kulkarni 63,2024PE1018,EC081,Signals and Systems (Ed 14),2026-03-12,2026-03-19,0
Tanvi Mehta,2022PE5334,FI096,Engineering Graphics (Ed 12),2026-03-15,2026-03-25,0
Aditya Verma,2022PE7949,EX040,Microwave Engineering (Ed 7),2026-02-18,2026-02-23,0
Vihaan Nair 34,2024PE8116,EX020,Digital Communications (Ed 4),2026-02-28,2026-03-17,3
Diya Gupta 81,2024PE8935,EC043,Digital Design (Ed 8),2026-03-01,2026-03-12,0
Vihaan Joshi 58,2023PE7336,EX080,Digital Communications (Ed 14),2026-03-20,2026-04-03,0
Arjun Gupta 32,2024PE3537,FI035,Engineering Physics (Ed 5),2026-02-06,2026-03-08,16
Ananya Joshi,2023PE6150,EC071,VLSI Design (Ed 12),2026-02-14,2026-03-13,13
Aditya Nair 73,2024PE8203,AU050,Internal Combustion Engines (Ed 13),2026-03-06,2026-03-16,0
Rohan Mehta 30,2023PE2219,EC047,VLSI Design (Ed 8),2026-03-11,2026-03-16,0
Rohan Verma 15,2022PE7221,AU015,Vehicle Dynamics (Ed 4),2026-03-06,2026-04-03,14
Kiara Sharma 78,2022PE5220,EC047,VLSI Design (Ed 8),2026-02-12,2026-02-25,0
Diya Nair 60,2024PE3901,IT039,Web Technologies (Ed 7),2026-02-12,2026-02-19,0
Isha Joshi 42,2022PE9995,IT090,The Complete Reference Java (Ed 15),2026-02-12,2026-03-07,9
Aditya Nair,2023PE8918,FI060,Applied Chemistry (Ed 8),2026-03-13,2026-04-09,13
Diya Kulkarni 58,2024PE9288,IT033,Web Technologies (Ed 6),2026-02-26,2026-03-12,0
Rohan Iyer 96,2023PE4856,IT059,Big Data Analytics (Ed 10),2026-02-02,2026-02-15,0
Ananya Deshmukh,2024PE3816,EC059,VLSI Design (Ed 10),2026-02-07,2026-02-12,0
Rohan Sharma,2022PE2385,AU044,Automobile Engineering (Ed 11),2026-03-10,2026-03-19,0
Ananya Verma,2024PE6005,EC025,Digital Design (Ed 5),2026-02-22,2026-03-13,5
Rohan Joshi,2023PE6992,CS082,Operating System Concepts (Ed 11),2026-02-04,2026-02-13,0
Isha Joshi,2024PE8564,CS011,Computer Networks (Ed 2),2026-02-20,2026-03-03,0
Kiara Iyer 31,2023PE4525,EC033,Signals and Systems (Ed 6),2026-02-28,2026-03-10,0
Kiara Iyer 31,2023PE4525,FI038,Basic Electrical Engineering (Ed 5),2026-03-18,2026-04-09,8
Kiara Mehta 98,2022PE5690,EC012,Control Systems Engineering (Ed 2),2026-03-09,2026-03-18,0
Aditya Deshmukh,2023PE2386,AU001,Automotive Mechanics (Ed 1),2026-01-27,2026-02-25,15
Aarav Deshmukh,2024PE3765,EC086,Microprocessor Architecture (Ed 15),2026-02-20,2026-03-12,6
Tanvi Kulkarni,2024PE5694,EX036,Wireless Communications (Ed 6),2026-02-13,2026-03-01,2
Aditya Patil,2023PE5605,CS081,Introduction to Algorithms (Ed 11),2026-02-24,2026-03-03,0
Ananya Deshmukh 82,2023PE6332,ME005,Heat and Mass Transfer (Ed 1),2026-03-15,2026-03-22,0
Arjun Verma,2023PE9379,EC018,Control Systems Engineering (Ed 3),2026-01-29,2026-02-24,12
Ananya Joshi 77,2024PE5032,AU032,Automobile Engineering (Ed 8),2026-02-20,2026-03-08,2
Kiara Verma,2023PE7115,FI004,Applied Chemistry (Ed 1),2026-01-25,2026-02-03,0
Rohan Sharma,2022PE2385,FI072,Engineering Graphics (Ed 9),2026-03-17,2026-03-25,0
Sanya Mehta 17,2022PE7829,EX095,Optical Fiber Communications (Ed 16),2026-02-14,2026-02-27,0
Rohan Sharma 87,2024PE1567,IT061,Software Engineering (Ed 11),2026-01-29,2026-02-18,6
Aditya Sharma 78,2024PE2224,IT087,Web Technologies (Ed 15),2026-03-03,2026-04-02,16
Diya Mehta 41,2023PE1482,FI032,Engineering Graphics (Ed 4),2026-03-17,2026-03-31,0
Rohan Patil 83,2022PE8007,EX018,Wireless Communications (Ed 3),2026-03-01,2026-03-23,8
Isha Mehta 32,2022PE3243,CS041,Introduction to Algorithms (Ed 6),2026-03-06,2026-03-22,2
Tanvi Nair 16,2022PE5319,EX077,Optical Fiber Communications (Ed 13),2026-02-10,2026-02-26,2
Rohan Joshi,2023PE6992,EX011,Optical Fiber Communications (Ed 2),2026-01-25,2026-02-10,2
Diya Deshmukh,2023PE2382,EX078,Wireless Communications (Ed 13),2026-03-10,2026-04-09,16
Isha Verma,2024PE5786,IT049,Software Engineering (Ed 9),2026-03-11,2026-04-07,13
Tanvi Kulkarni 49,2023PE3069,EC087,Signals and Systems (Ed 15),2026-02-17,2026-02-23,0
Diya Nair 60,2024PE3901,EX051,Antenna Theory (Ed 9),2026-02-26,2026-03-08,0
Diya Iyer,2024PE6608,CS021,Database System Concepts (Ed 3),2026-02-26,2026-03-10,0
Rohan Sharma 32,2023PE4496,EX045,Antenna Theory (Ed 8),2026-03-19,2026-04-05,3
Vihaan Gupta 97,2024PE6636,EX045,Antenna Theory (Ed 8),2026-02-21,2026-03-10,3
Isha Iyer,2023PE2125,IT054,The Complete Reference Java (Ed 9),2026-03-02,2026-03-25,9
Isha Sharma,2022PE5499,EC099,Signals and Systems (Ed 17),2026-02-28,2026-03-18,4
Ishaan Sharma 96,2023PE8796,ME005,Heat and Mass Transfer (Ed 1),2026-03-07,2026-03-21,0
Diya Patil 24,2022PE9083,CS028,Artificial Intelligence: A Modern Approach (Ed 4),2026-03-15,2026-04-05,7
Rohan Mehta,2022PE3378,EX074,Digital Communications (Ed 13),2026-02-13,2026-02-26,0
Aarav Kulkarni,2023PE3838,IT066,The Complete Reference Java (Ed 11),2026-02-20,2026-03-21,15
Diya Sharma,2023PE2390,IT042,The Complete Reference Java (Ed 7),2026-02-13,2026-02-19,0
Ishaan Nair 89,2022PE3804,AU040,Automobile Engineering (Ed 10),2026-01-27,2026-02-10,0
Aditya Mehta,2022PE1842,FI068,Applied Chemistry (Ed 9),2026-03-21,2026-04-18,14
Tanvi Nair,2022PE6147,EC070,Embedded Systems (Ed 12),2026-02-07,2026-03-01,8
Diya Joshi,2023PE6234,EC057,Signals and Systems (Ed 10),2026-02-18,2026-03-20,16
Isha Deshmukh 14,2023PE8998,FI038,Basic Electrical Engineering (Ed 5),2026-03-18,2026-04-08,7
Isha Deshmukh 12,2022PE7619,IT009,Web Technologies (Ed 2),2026-02-18,2026-03-17,13
Aditya Joshi,2024PE8755,EC073,Digital Design (Ed 13),2026-03-02,2026-03-10,0
Kiara Joshi,2024PE1004,EC081,Signals and Systems (Ed 14),2026-01-31,2026-02-26,12
Ishaan Joshi 82,2024PE1205,FI043,Engineering Physics (Ed 6),2026-02-18,2026-03-20,16
Diya Gupta 81,2024PE8935,FI047,Programming in ANSI C (Ed 6),2026-03-09,2026-04-07,15
Aarav Deshmukh 88,2022PE8462,FI079,Programming in ANSI C (Ed 10),2026-02-18,2026-02-26,0
Aarav Kulkarni 54,2022PE7814,EC080,Microprocessor Architecture (Ed 14),2026-02-10,2026-03-09,13
Aarav Gupta,2024PE3779,FI094,Basic Electrical Engineering (Ed 12),2026-02-27,2026-03-12,0
Aditya Kulkarni,2024PE5084,EC034,Embedded Systems (Ed 6),2026-02-12,2026-02-24,0
Vihaan Verma,2024PE6948,IT045,Web Technologies (Ed 8),2026-02-11,2026-02-27,2
Rohan Iyer,2023PE8528,EC093,Signals and Systems (Ed 16),2026-02-21,2026-03-22,15
Vihaan Mehta 27,2023PE9640,EX081,Antenna Theory (Ed 14),2026-02-03,2026-02-18,1
Diya Mehta 50,2024PE1666,FI009,Higher Engineering Mathematics (Ed 2),2026-01-25,2026-02-14,6
Diya Kulkarni,2023PE9521,IT089,Big Data Analytics (Ed 15),2026-02-10,2026-03-05,9
Tanvi Gupta,2024PE6792,FI091,Engineering Physics (Ed 12),2026-01-31,2026-03-01,15
Kiara Gupta,2024PE7088,FI029,Engineering Mechanics (Ed 4),2026-02-10,2026-02-22,0
Diya Nair 44,2022PE5739,IT047,Big Data Analytics (Ed 8),2026-02-16,2026-03-10,8
Diya Kulkarni 52,2022PE5213,EX100,Microwave Engineering (Ed 17),2026-02-11,2026-02-16,0
Rohan Mehta 56,2024PE1090,EC015,Signals and Systems (Ed 3),2026-03-19,2026-03-27,0
Isha Verma,2024PE5786,CS041,Introduction to Algorithms (Ed 6),2026-03-15,2026-03-24,0
Ishaan Nair 89,2022PE3804,CS053,Database System Concepts (Ed 7),2026-03-15,2026-04-02,4
Vihaan Mehta 52,2024PE7288,EC090,Control Systems Engineering (Ed 15),2026-02-28,2026-03-28,14
Ananya Joshi 77,2024PE5032,ME040,Heat and Mass Transfer (Ed 8),2026-02-09,2026-03-09,14
Aarav Verma,2024PE4373,CS022,Compilers: Principles (Ed 3),2026-02-24,2026-03-12,2
Isha Mehta 46,2024PE5456,IT056,Cloud Computing (Ed 10),2026-02-25,2026-03-18,7
Ishaan Verma,2024PE6830,EX017,Optical Fiber Communications (Ed 3),2026-03-18,2026-04-07,6
Ananya Verma 34,2023PE9669,CS047,Discrete Mathematics (Ed 6),2026-02-05,2026-02-10,0
Aarav Patil 58,2022PE9317,EX048,Wireless Communications (Ed 8),2026-03-19,2026-04-05,3
Aarav Patil 58,2022PE9317,EX019,Principles of Communication Systems (Ed 4),2026-02-16,2026-03-16,14
Rohan Joshi 95,2022PE6438,EC060,Control Systems Engineering (Ed 10),2026-03-01,2026-03-21,6
Isha Verma 93,2023PE5021,IT017,Big Data Analytics (Ed 3),2026-03-02,2026-03-26,10
Arjun Deshmukh 24,2024PE5995,CS063,Discrete Mathematics (Ed 8),2026-03-05,2026-03-13,0
Aditya Mehta,2022PE1842,FI008,Engineering Graphics (Ed 1),2026-03-09,2026-03-17,0
Ananya Iyer,2022PE5931,IT010,Cryptography and Network Security (Ed 2),2026-03-18,2026-04-07,6
Tanvi Patil 12,2022PE3542,IT048,The Complete Reference Java (Ed 8),2026-01-25,2026-02-13,5
Vihaan Deshmukh,2024PE6337,EX094,Microwave Engineering (Ed 16),2026-02-07,2026-03-03,10
Ishaan Iyer,2024PE1641,EX018,Wireless Communications (Ed 3),2026-02-18,2026-03-15,11
Isha Iyer 7,2024PE1557,IT028,Cryptography and Network Security (Ed 5),2026-02-24,2026-03-26,16
Aditya Joshi,2024PE8755,EX050,Digital Communications (Ed 9),2026-02-03,2026-02-18,1
Ishaan Joshi,2022PE7711,AU005,Automotive Mechanics (Ed 2),2026-02-15,2026-03-09,8
Arjun Deshmukh,2024PE5958,AU035,Vehicle Dynamics (Ed 9),2026-03-15,2026-04-13,15
Tanvi Iyer,2023PE4668,EX004,Microwave Engineering (Ed 1),2026-02-28,2026-03-09,0
Tanvi Deshmukh,2023PE5983,IT047,Big Data Analytics (Ed 8),2026-02-16,2026-03-06,4
Diya Sharma,2023PE2390,CS063,Discrete Mathematics (Ed 8),2026-03-16,2026-03-31,1
Arjun Gupta 32,2024PE3537,EC011,VLSI Design (Ed 2),2026-02-19,2026-03-10,5
Ananya Iyer 32,2022PE9858,IT014,Cloud Computing (Ed 3),2026-02-07,2026-02-16,0
Ishaan Deshmukh 3,2023PE3008,CS068,Artificial Intelligence: A Modern Approach (Ed 9),2026-03-20,2026-04-11,8
Sanya Patil,2024PE8788,CS072,Speech and Language Processing (Ed 9),2026-03-18,2026-04-02,1
Rohan Joshi 95,2022PE6438,EC052,Embedded Systems (Ed 9),2026-03-13,2026-04-03,7
Diya Joshi,2023PE6234,AU012,Automobile Engineering (Ed 3),2026-02-13,2026-03-06,7
Aditya Gupta,2024PE4098,ME028,Theory of Machines (Ed 6),2026-02-11,2026-03-02,5
Aditya Mehta 88,2022PE2960,IT068,Cloud Computing (Ed 12),2026-02-24,2026-03-22,12
Aditya Sharma 66,2023PE8974,ME044,Strength of Materials (Ed 9),2026-02-21,2026-03-06,0
Diya Nair 60,2024PE3901,CS076,Artificial Intelligence: A Modern Approach (Ed 10),2026-02-20,2026-02-25,0
Aditya Kulkarni,2024PE5084,CS018,Operating System Concepts (Ed 3),2026-03-06,2026-03-22,2
Aarav Sharma 83,2023PE1183,ME011,Thermodynamics: An Engineering Approach (Ed 3),2026-02-04,2026-02-17,0
Vihaan Deshmukh,2024PE6337,IT029,Big Data Analytics (Ed 5),2026-03-05,2026-03-12,0
Kiara Patil,2022PE8522,CS014,Compilers: Principles (Ed 2),2026-02-05,2026-02-18,0
Vihaan Deshmukh,2024PE6337,CS016,Speech and Language Processing (Ed 2),2026-02-06,2026-02-13,0
Vihaan Gupta 97,2024PE6636,CS079,Discrete Mathematics (Ed 10),2026-03-08,2026-03-25,3
Isha Deshmukh 14,2023PE8998,FI045,Engineering Mechanics (Ed 6),2026-02-01,2026-02-24,9
Rohan Gupta 43,2024PE9460,EC057,Signals and Systems (Ed 10),2026-02-17,2026-02-26,0
Arjun Joshi 67,2023PE4483,ME040,Heat and Mass Transfer (Ed 8),2026-03-14,2026-04-12,15
Rohan Joshi,2023PE6992,FI085,Engineering Mechanics (Ed 11),2026-03-10,2026-04-06,13
Aditya Mehta 88,2022PE2960,ME007,Fluid Mechanics (Ed 2),2026-02-09,2026-03-06,11
Aditya Deshmukh 82,2023PE4908,EC066,Control Systems Engineering (Ed 11),2026-02-27,2026-03-10,0
Tanvi Iyer,2023PE4668,IT079,Software Engineering (Ed 14),2026-02-06,2026-02-21,1
Arjun Verma,2023PE9379,IT030,The Complete Reference Java (Ed 5),2026-02-23,2026-03-17,8
Rohan Kulkarni,2022PE5131,EX077,Optical Fiber Communications (Ed 13),2026-02-16,2026-03-10,8
Arjun Iyer 16,2022PE8576,IT097,Software Engineering (Ed 17),2026-03-19,2026-03-30,0
Ananya Patil,2022PE6915,IT027,Web Technologies (Ed 5),2026-02-10,2026-02-18,0
Vihaan Kulkarni,2022PE2154,CS077,Database System Concepts (Ed 10),2026-02-05,2026-02-15,0
Sanya Deshmukh,2024PE5035,FI084,Applied Chemistry (Ed 11),2026-02-19,2026-03-04,0
Rohan Patil 83,2022PE8007,CS042,Operating System Concepts (Ed 6),2026-03-18,2026-04-15,14
Diya Mehta 60,2023PE8454,EC045,Signals and Systems (Ed 8),2026-03-12,2026-03-30,4
Diya Joshi,2023PE6234,IT087,Web Technologies (Ed 15),2026-02-18,2026-02-25,0
Aarav Sharma 72,2024PE4772,CS031,Discrete Mathematics (Ed 4),2026-03-05,2026-03-30,11
Sanya Mehta 17,2022PE7829,FI040,Engineering Graphics (Ed 5),2026-02-28,2026-03-15,1
Isha Joshi,2024PE8564,ME035,Heat and Mass Transfer (Ed 7),2026-01-27,2026-02-08,0
Rohan Patil 83,2022PE8007,IT038,Cloud Computing (Ed 7),2026-03-09,2026-03-17,0
Tanvi Deshmukh,2023PE5983,CS082,Operating System Concepts (Ed 11),2026-03-17,2026-03-31,0
Tanvi Deshmukh,2023PE5983,FI040,Engineering Graphics (Ed 5),2026-03-14,2026-03-29,1
Arjun Sharma,2023PE7484,CS003,Computer Networks (Ed 1),2026-03-20,2026-04-19,16
Aditya Sharma 78,2024PE2224,EX062,Digital Communications (Ed 11),2026-02-08,2026-03-05,11
Aditya Mehta 47,2022PE7511,EX049,Principles of Communication Systems (Ed 9),2026-02-18,2026-03-19,15
Rohan Deshmukh 81,2024PE2984,EC027,Signals and Systems (Ed 5),2026-02-27,2026-03-13,0
Rohan Kulkarni,2022PE5131,EC025,Digital Design (Ed 5),2026-03-10,2026-03-19,0
Ishaan Deshmukh 3,2023PE3008,AU006,Internal Combustion Engines (Ed 2),2026-03-21,2026-04-09,5
Aditya Kulkarni,2024PE5084,EX085,Principles of Communication Systems (Ed 15),2026-02-10,2026-02-22,0
Aditya Kulkarni,2024PE5084,FI067,Engineering Physics (Ed 9),2026-02-09,2026-03-05,10
Tanvi Gupta 50,2024PE8089,FI021,Engineering Mechanics (Ed 3),2026-02-06,2026-02-25,5
Tanvi Deshmukh 84,2024PE2868,IT038,Cloud Computing (Ed 7),2026-02-22,2026-03-10,2
Sanya Mehta 3,2024PE8646,CS080,Speech and Language Processing (Ed 10),2026-03-05,2026-03-11,0
Aarav Patil 58,2022PE9317,FI003,Engineering Physics (Ed 1),2026-03-01,2026-03-20,5
Diya Gupta 81,2024PE8935,EC026,Microprocessor Architecture (Ed 5),2026-02-24,2026-03-19,9
Vihaan Deshmukh 20,2024PE9335,EX066,Wireless Communications (Ed 11),2026-02-07,2026-03-04,11
Vihaan Verma 22,2023PE2205,EX032,Digital Communications (Ed 6),2026-01-28,2026-02-05,0
Aditya Iyer,2023PE2132,EX005,Optical Fiber Communications (Ed 1),2026-03-14,2026-04-06,9
Diya Nair 60,2024PE3901,EC047,VLSI Design (Ed 8),2026-01-26,2026-02-23,14
Kiara Nair 32,2024PE6653,EC083,VLSI Design (Ed 14),2026-02-24,2026-03-07,0
Aditya Kulkarni,2024PE5084,IT049,Software Engineering (Ed 9),2026-03-13,2026-04-06,10
Kiara Deshmukh,2024PE9834,ME012,Fluid Mechanics (Ed 3),2026-03-10,2026-04-04,11
Kiara Patil 26,2022PE7093,IT025,Software Engineering (Ed 5),2026-03-20,2026-04-16,13
Diya Verma,2022PE3973,IT084,The Complete Reference Java (Ed 14),2026-03-08,2026-03-23,1
Rohan Iyer 75,2024PE2151,ME031,Thermodynamics: An Engineering Approach (Ed 7),2026-01-30,2026-02-17,4
Vihaan Mehta,2022PE6055,ME016,Thermodynamics: An Engineering Approach (Ed 4),2026-02-13,2026-02-18,0
Ishaan Sharma,2022PE9576,CS075,Computer Networks (Ed 10),2026-02-04,2026-02-19,1
Aarav Deshmukh,2024PE3765,AU013,Automotive Mechanics (Ed 4),2026-02-07,2026-02-21,0
Rohan Sharma 44,2023PE5978,AU022,Internal Combustion Engines (Ed 6),2026-03-17,2026-04-15,15
Aditya Sharma,2024PE3317,EC017,VLSI Design (Ed 3),2026-01-29,2026-02-07,0
Ishaan Mehta,2023PE9656,ME021,Thermodynamics: An Engineering Approach (Ed 5),2026-01-26,2026-02-13,4
Diya Kulkarni 93,2023PE6595,ME050,Heat and Mass Transfer (Ed 10),2026-02-12,2026-02-23,0
Rohan Patil 83,2022PE8007,IT092,Cloud Computing (Ed 16),2026-02-10,2026-03-02,6
Aditya Kulkarni,2024PE5084,EX044,Digital Communications (Ed 8),2026-02-03,2026-02-18,1
Tanvi Deshmukh 84,2024PE2868,CS037,Database System Concepts (Ed 5),2026-01-31,2026-02-15,1
Isha Kulkarni,2024PE4211,FI011,Engineering Physics (Ed 2),2026-03-06,2026-03-22,2
Kiara Patil 26,2022PE7093,FI016,Engineering Graphics (Ed 2),2026-02-07,2026-02-15,0
Vihaan Mehta 52,2024PE7288,ME003,Theory of Machines (Ed 1),2026-02-20,2026-03-10,4
Isha Sharma 78,2022PE5831,AU020,Automobile Engineering (Ed 5),2026-02-27,2026-03-10,0
Diya Verma 88,2022PE2283,EC095,VLSI Design (Ed 16),2026-02-17,2026-03-14,11
Aditya Verma,2022PE7949,CS056,Speech and Language Processing (Ed 7),2026-01-26,2026-02-22,13
Aarav Kulkarni 54,2022PE7814,FI024,Engineering Graphics (Ed 3),2026-03-19,2026-03-30,0
Tanvi Verma,2024PE1453,FI066,Advanced Engineering Mathematics (Ed 9),2026-02-26,2026-03-11,0
Isha Mehta 46,2024PE5456,IT096,The Complete Reference Java (Ed 16),2026-03-06,2026-04-02,13
Sanya Patil,2024PE8788,IT008,Cloud Computing (Ed 2),2026-03-18,2026-04-10,9
Diya Mehta 60,2023PE8454,EX010,Microwave Engineering (Ed 2),2026-03-10,2026-04-05,12
Ishaan Mehta 26,2023PE1227,FI048,Engineering Graphics (Ed 6),2026-02-02,2026-02-26,10
Vihaan Verma,2024PE6948,CS080,Speech and Language Processing (Ed 10),2026-03-13,2026-04-09,13
Diya Mehta 41,2023PE1482,EX076,Microwave Engineering (Ed 13),2026-02-24,2026-03-06,0
Diya Patil 24,2022PE9083,EC053,VLSI Design (Ed 9),2026-02-16,2026-03-11,9
Tanvi Patil 12,2022PE3542,EC013,Digital Design (Ed 3),2026-03-15,2026-03-31,2
Arjun Deshmukh 93,2024PE5724,ME001,Thermodynamics: An Engineering Approach (Ed 1),2026-03-21,2026-04-16,12
Tanvi Gupta,2024PE6792,CS061,Database System Concepts (Ed 8),2026-02-02,2026-02-24,8
Ishaan Mehta,2023PE9656,IT014,Cloud Computing (Ed 3),2026-01-26,2026-02-13,4
Ananya Sharma,2024PE2846,EC002,Microprocessor Architecture (Ed 1),2026-03-18,2026-04-03,2
Aditya Kulkarni 66,2024PE7300,EC023,VLSI Design (Ed 4),2026-02-22,2026-03-05,0
Ananya Iyer,2022PE5931,FI084,Applied Chemistry (Ed 11),2026-02-06,2026-03-06,14
Arjun Iyer 16,2022PE8576,EX023,Optical Fiber Communications (Ed 4),2026-03-06,2026-03-12,0
Diya Mehta 50,2024PE1666,FI004,Applied Chemistry (Ed 1),2026-02-22,2026-03-08,0
Ishaan Gupta 8,2024PE2131,ME023,Theory of Machines (Ed 5),2026-02-11,2026-03-13,16
Aditya Patil,2023PE5605,IT002,Cloud Computing (Ed 1),2026-03-15,2026-03-29,0
Vihaan Mehta 52,2024PE7288,IT091,Software Engineering (Ed 16),2026-03-19,2026-03-29,0
Isha Deshmukh 14,2023PE8998,EC069,Signals and Systems (Ed 12),2026-02-25,2026-03-26,15
Isha Iyer 7,2024PE1557,EC077,VLSI Design (Ed 13),2026-01-26,2026-02-16,7
Ananya Verma,2024PE6005,CS062,Compilers: Principles (Ed 8),2026-03-06,2026-03-24,4
Kiara Nair 32,2024PE6653,EX079,Principles of Communication Systems (Ed 14),2026-03-14,2026-03-26,0
Diya Mehta 41,2023PE1482,AU002,Internal Combustion Engines (Ed 1),2026-01-27,2026-02-06,0
Sanya Joshi 65,2024PE3813,AU022,Internal Combustion Engines (Ed 6),2026-01-25,2026-02-13,5
Diya Patil 2,2023PE8033,EC065,VLSI Design (Ed 11),2026-03-15,2026-03-21,0
Aditya Iyer 92,2024PE5394,CS056,Speech and Language Processing (Ed 7),2026-01-25,2026-02-11,3
Sanya Mehta 3,2024PE8646,FI053,Engineering Mechanics (Ed 7),2026-02-21,2026-03-09,2
Kiara Nair 90,2023PE9426,EC096,Control Systems Engineering (Ed 16),2026-03-13,2026-03-29,2
Vihaan Verma 69,2023PE6649,ME021,Thermodynamics: An Engineering Approach (Ed 5),2026-02-06,2026-03-07,15
Aarav Deshmukh,2024PE3765,FI073,Higher Engineering Mathematics (Ed 10),2026-02-23,2026-03-14,5
Tanvi Patil 12,2022PE3542,EX023,Optical Fiber Communications (Ed 4),2026-01-26,2026-02-23,14
Sanya Nair 49,2023PE5362,ME038,Theory of Machines (Ed 8),2026-03-02,2026-03-18,2
Ananya Sharma,2024PE2846,EX021,Antenna Theory (Ed 4),2026-02-20,2026-03-08,2
Ananya Joshi 85,2022PE5260,FI067,Engineering Physics (Ed 9),2026-01-29,2026-02-05,0
Ishaan Deshmukh 2,2024PE9291,AU040,Automobile Engineering (Ed 10),2026-03-05,2026-03-10,0
Isha Verma 47,2022PE9213,IT051,Web Technologies (Ed 9),2026-02-12,2026-03-08,10
Aarav Mehta 10,2024PE9563,EC092,Microprocessor Architecture (Ed 16),2026-02-11,2026-02-26,1
Diya Nair,2024PE6094,FI058,Advanced Engineering Mathematics (Ed 8),2026-03-21,2026-04-03,0
Tanvi Patil,2024PE5622,ME034,Strength of Materials (Ed 7),2026-02-27,2026-03-15,2
Tanvi Verma 54,2024PE6896,ME044,Strength of Materials (Ed 9),2026-02-22,2026-03-18,10
Isha Joshi,2024PE8564,IT078,The Complete Reference Java (Ed 13),2026-02-28,2026-03-14,0
Aditya Gupta 36,2024PE9803,CS083,Computer Networks (Ed 11),2026-03-09,2026-04-06,14
Isha Joshi 42,2022PE9995,FI051,Engineering Physics (Ed 7),2026-02-21,2026-03-21,14
Sanya Iyer,2024PE5192,EC019,Digital Design (Ed 4),2026-02-28,2026-03-18,4
Ishaan Mehta 26,2023PE1227,FI043,Engineering Physics (Ed 6),2026-03-02,2026-03-12,0
Tanvi Joshi,2024PE4954,FI038,Basic Electrical Engineering (Ed 5),2026-02-27,2026-03-07,0
Sanya Mehta 17,2022PE7829,EC067,Digital Design (Ed 12),2026-01-28,2026-02-27,16
Tanvi Nair,2022PE6147,EX062,Digital Communications (Ed 11),2026-03-21,2026-04-02,0
Vihaan Mehta 75,2022PE6418,EX065,Optical Fiber Communications (Ed 11),2026-03-03,2026-03-25,8
Aditya Iyer,2023PE2132,EX044,Digital Communications (Ed 8),2026-03-21,2026-04-07,3
Kiara Joshi,2024PE1004,CS037,Database System Concepts (Ed 5),2026-02-05,2026-02-28,9
Vihaan Deshmukh 76,2024PE4244,FI097,Higher Engineering Mathematics (Ed 13),2026-03-12,2026-03-18,0
Aditya Deshmukh 82,2023PE4908,CS023,Discrete Mathematics (Ed 3),2026-03-03,2026-03-27,10
Vihaan Joshi 93,2023PE5195,EX044,Digital Communications (Ed 8),2026-02-12,2026-02-26,0
Ishaan Patil,2024PE5475,EC026,Microprocessor Architecture (Ed 5),2026-01-29,2026-02-19,7
Arjun Gupta,2023PE6637,AU044,Automobile Engineering (Ed 11),2026-03-12,2026-04-01,6
Sanya Kulkarni 43,2023PE9237,CS025,Introduction to Algorithms (Ed 4),2026-02-14,2026-03-14,14
Vihaan Joshi 58,2023PE7336,IT079,Software Engineering (Ed 14),2026-02-23,2026-03-11,2
Diya Joshi 81,2023PE2116,ME039,Strength of Materials (Ed 8),2026-02-03,2026-02-28,11
Diya Verma 88,2022PE2283,CS045,Database System Concepts (Ed 6),2026-02-22,2026-03-19,11
Rohan Kulkarni,2022PE5131,IT008,Cloud Computing (Ed 2),2026-02-03,2026-02-19,2
Ananya Mehta,2024PE3040,CS010,Operating System Concepts (Ed 2),2026-02-11,2026-02-24,0
Isha Mehta 46,2024PE5456,IT057,Web Technologies (Ed 10),2026-03-21,2026-04-10,6
Ishaan Iyer 74,2023PE8111,ME035,Heat and Mass Transfer (Ed 7),2026-02-12,2026-02-24,0
Aarav Sharma 81,2023PE3004,AU002,Internal Combustion Engines (Ed 1),2026-02-10,2026-02-26,2
Ishaan Patil 84,2024PE4199,EC036,Control Systems Engineering (Ed 6),2026-01-28,2026-02-14,3
Diya Verma 88,2022PE2283,CS044,Artificial Intelligence: A Modern Approach (Ed 6),2026-02-07,2026-02-22,1
Ishaan Iyer 74,2023PE8111,EX008,Digital Communications (Ed 2),2026-03-04,2026-03-26,8
Ananya Sharma,2024PE2846,FI050,Advanced Engineering Mathematics (Ed 7),2026-01-27,2026-02-25,15
Ishaan Nair,2024PE9817,EX055,Principles of Communication Systems (Ed 10),2026-02-21,2026-03-02,0
Aditya Patil,2023PE5605,CS048,Speech and Language Processing (Ed 6),2026-03-13,2026-04-06,10
Kiara Patil 40,2023PE8873,CS083,Computer Networks (Ed 11),2026-02-16,2026-02-27,0
Ananya Sharma 15,2023PE4062,ME028,Theory of Machines (Ed 6),2026-02-06,2026-03-03,11
Diya Patil,2023PE6317,ME012,Fluid Mechanics (Ed 3),2026-01-31,2026-02-23,9
Tanvi Patil 12,2022PE3542,FI033,Higher Engineering Mathematics (Ed 5),2026-03-20,2026-04-17,14
Arjun Verma,2023PE9379,EC087,Signals and Systems (Ed 15),2026-03-06,2026-04-04,15
Ishaan Deshmukh 21,2024PE7519,FI064,Engineering Graphics (Ed 8),2026-02-22,2026-03-20,12
Aarav Verma,2024PE4373,CS007,Discrete Mathematics (Ed 1),2026-01-31,2026-02-11,0
Rohan Sharma 53,2023PE4324,ME030,Heat and Mass Transfer (Ed 6),2026-03-14,2026-04-08,11
Rohan Mehta,2022PE3378,IT095,Big Data Analytics (Ed 16),2026-02-13,2026-03-13,14
Ishaan Deshmukh 21,2024PE7519,FI082,Advanced Engineering Mathematics (Ed 11),2026-03-02,2026-03-14,0
Diya Nair 44,2022PE5739,EX099,Antenna Theory (Ed 17),2026-01-26,2026-02-06,0
Tanvi Patil,2024PE5622,FI040,Engineering Graphics (Ed 5),2026-03-05,2026-04-03,15
Ananya Kulkarni 58,2022PE6909,EC001,Digital Design (Ed 1),2026-02-13,2026-02-20,0
Isha Nair,2022PE2006,ME005,Heat and Mass Transfer (Ed 1),2026-03-09,2026-03-18,0
Aditya Joshi 3,2023PE8364,FI064,Engineering Graphics (Ed 8),2026-01-31,2026-02-17,3
Isha Nair,2022PE2006,AU017,Automotive Mechanics (Ed 5),2026-03-18,2026-04-03,2
Ananya Deshmukh 82,2023PE6332,IT027,Web Technologies (Ed 5),2026-03-13,2026-04-03,7
Arjun Deshmukh 24,2024PE5995,IT099,Web Technologies (Ed 17),2026-01-31,2026-03-01,15
Arjun Deshmukh 93,2024PE5724,IT028,Cryptography and Network Security (Ed 5),2026-01-27,2026-02-16,6
Ananya Sharma,2024PE2846,EX083,Optical Fiber Communications (Ed 14),2026-02-08,2026-02-27,5
Ishaan Gupta 8,2024PE2131,IT097,Software Engineering (Ed 17),2026-02-02,2026-02-28,12
Arjun Mehta 54,2022PE6368,EC048,Control Systems Engineering (Ed 8),2026-03-03,2026-03-18,1
Ishaan Joshi 82,2024PE1205,CS065,Introduction to Algorithms (Ed 9),2026-02-04,2026-02-15,0
Aarav Sharma 21,2023PE8370,EX059,Optical Fiber Communications (Ed 10),2026-02-09,2026-03-04,9
Kiara Nair 32,2024PE6653,FI073,Higher Engineering Mathematics (Ed 10),2026-03-02,2026-03-24,8
Aditya Mehta 88,2022PE2960,CS019,Computer Networks (Ed 3),2026-02-13,2026-02-28,1
Tanvi Joshi 85,2022PE5551,IT056,Cloud Computing (Ed 10),2026-03-13,2026-03-24,0
Isha Verma 62,2023PE9850,CS055,Discrete Mathematics (Ed 7),2026-02-27,2026-03-25,12
Ananya Patil,2022PE6915,IT005,Big Data Analytics (Ed 1),2026-02-15,2026-02-25,0
Aarav Deshmukh 33,2023PE6002,CS090,Operating System Concepts (Ed 12),2026-03-13,2026-04-10,14
Aditya Deshmukh 82,2023PE4908,IT061,Software Engineering (Ed 11),2026-02-23,2026-03-15,6
Sanya Mehta 17,2022PE7829,FI001,Higher Engineering Mathematics (Ed 1),2026-02-01,2026-02-18,3
Aditya Sharma 78,2024PE2224,IT002,Cloud Computing (Ed 1),2026-02-16,2026-02-27,0
Diya Sharma 81,2024PE9764,CS065,Introduction to Algorithms (Ed 9),2026-03-10,2026-04-01,8
Sanya Patil,2024PE8788,IT051,Web Technologies (Ed 9),2026-01-26,2026-02-06,0
Aditya Patil 40,2024PE4021,EC066,Control Systems Engineering (Ed 11),2026-02-08,2026-02-18,0
Diya Joshi,2023PE6234,IT063,Web Technologies (Ed 11),2026-03-12,2026-04-11,16
Kiara Sharma 78,2022PE5220,EC015,Signals and Systems (Ed 3),2026-02-26,2026-03-24,12
Vihaan Mehta 75,2022PE6418,AU026,Internal Combustion Engines (Ed 7),2026-03-13,2026-04-11,15
Arjun Joshi,2023PE1978,EX019,Principles of Communication Systems (Ed 4),2026-03-20,2026-04-02,0
Aditya Iyer 92,2024PE5394,EC067,Digital Design (Ed 12),2026-03-04,2026-03-15,0
Diya Kulkarni 58,2024PE9288,FI061,Engineering Mechanics (Ed 8),2026-02-26,2026-03-16,4
Ananya Patil 54,2023PE8646,EX008,Digital Communications (Ed 2),2026-02-25,2026-03-25,14
Ananya Mehta,2024PE3040,IT003,Web Technologies (Ed 1),2026-03-04,2026-03-22,4
Kiara Sharma 90,2022PE7324,EC008,Microprocessor Architecture (Ed 2),2026-03-16,2026-03-24,0
Rohan Sharma 87,2024PE1567,EC065,VLSI Design (Ed 11),2026-02-13,2026-03-11,12
Kiara Deshmukh,2024PE9834,AU025,Automotive Mechanics (Ed 7),2026-03-10,2026-04-03,10
Aditya Sharma 19,2023PE9780,IT058,Cryptography and Network Security (Ed 10),2026-02-12,2026-03-13,15
Aarav Deshmukh 33,2023PE6002,EX008,Digital Communications (Ed 2),2026-02-16,2026-02-22,0
Sanya Iyer,2024PE5192,IT087,Web Technologies (Ed 15),2026-02-04,2026-02-09,0
Aditya Gupta,2024PE4098,CS070,Compilers: Principles (Ed 9),2026-03-09,2026-03-29,6
Ananya Verma 72,2022PE1999,AU029,Automotive Mechanics (Ed 8),2026-01-28,2026-02-05,0
Diya Kulkarni 93,2023PE6595,FI029,Engineering Mechanics (Ed 4),2026-03-08,2026-03-26,4
Aditya Gupta 34,2023PE6062,AU015,Vehicle Dynamics (Ed 4),2026-03-14,2026-04-07,10
Rohan Mehta 30,2023PE2219,FI084,Applied Chemistry (Ed 11),2026-02-06,2026-03-07,15
Isha Mehta,2023PE3075,IT023,Big Data Analytics (Ed 4),2026-03-10,2026-03-30,6
Tanvi Verma,2024PE1453,FI028,Applied Chemistry (Ed 4),2026-02-16,2026-02-21,0
Sanya Sharma,2023PE2446,FI007,Programming in ANSI C (Ed 1),2026-03-17,2026-03-27,0
Kiara Nair,2022PE1609,FI081,Higher Engineering Mathematics (Ed 11),2026-02-18,2026-03-08,4
Isha Deshmukh 12,2022PE7619,IT084,The Complete Reference Java (Ed 14),2026-02-10,2026-03-01,5
Aditya Nair 73,2024PE8203,CS014,Compilers: Principles (Ed 2),2026-03-14,2026-03-31,3
Diya Deshmukh,2023PE2382,FI039,Programming in ANSI C (Ed 5),2026-03-18,2026-03-30,0
Tanvi Deshmukh 84,2024PE2868,CS014,Compilers: Principles (Ed 2),2026-03-15,2026-03-25,0
Vihaan Deshmukh 76,2024PE4244,EC097,Digital Design (Ed 17),2026-01-25,2026-02-22,14
Kiara Joshi,2024PE1004,FI011,Engineering Physics (Ed 2),2026-02-20,2026-03-21,15
Aarav Patil 58,2022PE9317,IT015,Web Technologies (Ed 3),2026-03-18,2026-03-28,0
Diya Kulkarni,2023PE9521,CS040,Speech and Language Processing (Ed 5),2026-02-23,2026-03-10,1
Ananya Mehta,2024PE3040,EC028,Embedded Systems (Ed 5),2026-01-28,2026-02-07,0
Aarav Patil 14,2024PE3666,AU006,Internal Combustion Engines (Ed 2),2026-02-06,2026-02-27,7
Diya Kulkarni 93,2023PE6595,ME037,Fluid Mechanics (Ed 8),2026-02-19,2026-03-12,7
Aarav Joshi,2022PE5609,FI048,Engineering Graphics (Ed 6),2026-02-22,2026-03-07,0
Ishaan Verma 30,2024PE5447,ME042,Fluid Mechanics (Ed 9),2026-01-30,2026-02-15,2
Tanvi Patil 2,2023PE8861,EX084,Wireless Communications (Ed 14),2026-01-29,2026-02-11,0
Aarav Deshmukh 33,2023PE6002,IT067,Software Engineering (Ed 12),2026-02-08,2026-03-09,15
Ishaan Nair 61,2022PE7006,FI095,Programming in ANSI C (Ed 12),2026-03-17,2026-03-23,0
Sanya Gupta 32,2022PE1877,AU011,Vehicle Dynamics (Ed 3),2026-03-16,2026-03-30,0
Ishaan Verma 30,2024PE5447,FI084,Applied Chemistry (Ed 11),2026-02-18,2026-03-07,3
Isha Mehta 32,2022PE3243,FI053,Engineering Mechanics (Ed 7),2026-03-09,2026-03-31,8
Aditya Patil,2023PE5605,EX100,Microwave Engineering (Ed 17),2026-03-16,2026-03-30,0
Rohan Sharma 32,2023PE4496,AU003,Vehicle Dynamics (Ed 1),2026-02-28,2026-03-17,3
Tanvi Verma 95,2023PE2520,IT093,Web Technologies (Ed 16),2026-03-17,2026-03-22,0
Rohan Iyer 11,2023PE4126,ME032,Fluid Mechanics (Ed 7),2026-02-06,2026-02-25,5
Ananya Joshi 85,2022PE5260,IT098,Cloud Computing (Ed 17),2026-02-03,2026-02-27,10
Rohan Iyer 11,2023PE4126,AU041,Automotive Mechanics (Ed 11),2026-03-12,2026-03-21,0
Aditya Patil 40,2024PE4021,IT008,Cloud Computing (Ed 2),2026-02-14,2026-03-09,9
Rohan Sharma 87,2024PE1567,AU001,Automotive Mechanics (Ed 1),2026-02-20,2026-03-10,4
Rohan Deshmukh 67,2023PE4515,FI004,Applied Chemistry (Ed 1),2026-02-03,2026-02-21,4
Ananya Verma 34,2023PE9669,FI016,Engineering Graphics (Ed 2),2026-02-06,2026-02-20,0
Tanvi Sharma,2024PE5060,ME037,Fluid Mechanics (Ed 8),2026-03-17,2026-04-05,5
Ananya Verma 72,2022PE1999,IT011,Big Data Analytics (Ed 2),2026-02-04,2026-02-10,0
Aditya Deshmukh 4,2024PE7575,IT089,Big Data Analytics (Ed 15),2026-02-20,2026-03-15,9
Vihaan Iyer,2022PE4417,IT061,Software Engineering (Ed 11),2026-02-19,2026-03-20,15
Kiara Patil,2022PE8522,FI045,Engineering Mechanics (Ed 6),2026-02-15,2026-03-02,1
Tanvi Nair 77,2022PE8417,ME042,Fluid Mechanics (Ed 9),2026-03-15,2026-04-04,6
Rohan Iyer 11,2023PE4126,EC030,Control Systems Engineering (Ed 5),2026-03-16,2026-04-08,9
Diya Sharma 81,2024PE9764,EC062,Microprocessor Architecture (Ed 11),2026-03-05,2026-03-19,0
Diya Patil,2023PE6317,IT020,Cloud Computing (Ed 4),2026-02-04,2026-02-19,1
Tanvi Patil 92,2023PE4080,CS065,Introduction to Algorithms (Ed 9),2026-02-26,2026-03-14,2
Ananya Verma 34,2023PE9669,IT017,Big Data Analytics (Ed 3),2026-03-02,2026-03-30,14
Ishaan Iyer 74,2023PE8111,EC037,Digital Design (Ed 7),2026-03-05,2026-03-24,5
Arjun Patil 36,2022PE3425,IT096,The Complete Reference Java (Ed 16),2026-03-16,2026-03-23,0
Arjun Deshmukh 93,2024PE5724,ME002,Fluid Mechanics (Ed 1),2026-02-07,2026-02-15,0
Ishaan Nair,2024PE9817,EC082,Embedded Systems (Ed 14),2026-01-31,2026-02-20,6
Vihaan Verma 22,2023PE2205,ME035,Heat and Mass Transfer (Ed 7),2026-02-25,2026-03-25,14
Diya Mehta 14,2024PE7183,ME005,Heat and Mass Transfer (Ed 1),2026-02-21,2026-02-26,0
Isha Kulkarni,2024PE4211,AU003,Vehicle Dynamics (Ed 1),2026-02-03,2026-02-27,10
Aarav Joshi 3,2023PE1952,IT033,Web Technologies (Ed 6),2026-02-19,2026-03-11,6
Vihaan Deshmukh,2024PE6337,CS037,Database System Concepts (Ed 5),2026-03-05,2026-03-11,0
Vihaan Gupta,2022PE5333,FI084,Applied Chemistry (Ed 11),2026-02-12,2026-03-13,15
Isha Deshmukh 12,2022PE7619,FI014,Basic Electrical Engineering (Ed 2),2026-02-18,2026-03-16,12
Sanya Mehta 3,2024PE8646,EC074,Microprocessor Architecture (Ed 13),2026-03-10,2026-03-22,0
Vihaan Joshi 93,2023PE5195,EX019,Principles of Communication Systems (Ed 4),2026-03-02,2026-03-16,0
Isha Sharma,2022PE5499,IT018,The Complete Reference Java (Ed 3),2026-03-12,2026-03-24,0
Rohan Deshmukh,2022PE5607,EX050,Digital Communications (Ed 9),2026-03-21,2026-03-27,0
Arjun Iyer 16,2022PE8576,EC097,Digital Design (Ed 17),2026-01-30,2026-02-04,0
Tanvi Verma,2024PE1453,FI057,Higher Engineering Mathematics (Ed 8),2026-02-25,2026-03-17,6
Rohan Sharma 53,2023PE4324,CS008,Speech and Language Processing (Ed 1),2026-03-13,2026-03-26,0
Aditya Deshmukh,2023PE2386,EX067,Principles of Communication Systems (Ed 12),2026-03-03,2026-03-26,9
Ishaan Nair,2024PE9817,ME048,Theory of Machines (Ed 10),2026-01-26,2026-02-14,5
Tanvi Nair 16,2022PE5319,EX060,Wireless Communications (Ed 10),2026-01-30,2026-02-16,3
Aarav Mehta,2024PE1934,EC067,Digital Design (Ed 12),2026-02-19,2026-03-08,3
Kiara Gupta,2024PE7088,ME010,Heat and Mass Transfer (Ed 2),2026-03-06,2026-03-23,3
Ishaan Deshmukh 2,2024PE9291,CS030,Compilers: Principles (Ed 4),2026-03-19,2026-03-26,0
Ishaan Mehta 31,2024PE8440,EX050,Digital Communications (Ed 9),2026-02-27,2026-03-24,11
Vihaan Mehta 52,2024PE7288,IT044,Cloud Computing (Ed 8),2026-02-13,2026-02-20,0
Vihaan Patil 59,2022PE5180,FI069,Engineering Mechanics (Ed 9),2026-03-12,2026-03-23,0
Sanya Iyer 74,2024PE2556,IT036,The Complete Reference Java (Ed 6),2026-01-25,2026-02-09,1
Rohan Verma 15,2022PE7221,CS097,Introduction to Algorithms (Ed 13),2026-02-15,2026-02-28,0
Vihaan Nair 34,2024PE8116,EC056,Microprocessor Architecture (Ed 10),2026-01-30,2026-02-13,0
Ananya Sharma 15,2023PE4062,EC063,Signals and Systems (Ed 11),2026-02-10,2026-03-08,12
Vihaan Mehta 27,2023PE9640,AU047,Vehicle Dynamics (Ed 12),2026-02-14,2026-03-04,4
Aarav Gupta,2024PE3779,IT006,The Complete Reference Java (Ed 1),2026-02-02,2026-02-11,0
Kiara Patil,2022PE8522,AU042,Internal Combustion Engines (Ed 11),2026-02-06,2026-03-03,11
Diya Iyer,2024PE6608,EX068,Digital Communications (Ed 12),2026-03-12,2026-03-20,0
Arjun Joshi 67,2023PE4483,IT064,Cryptography and Network Security (Ed 11),2026-01-29,2026-02-27,15
Rohan Patil 52,2024PE8848,EX054,Wireless Communications (Ed 9),2026-02-11,2026-03-04,7
Arjun Deshmukh 24,2024PE5995,CS026,Operating System Concepts (Ed 4),2026-02-26,2026-03-15,3
Kiara Deshmukh,2024PE9834,FI001,Higher Engineering Mathematics (Ed 1),2026-03-20,2026-04-19,16
Ishaan Patil,2024PE5475,IT032,Cloud Computing (Ed 6),2026-03-03,2026-03-21,4
Aditya Nair 73,2024PE8203,CS028,Artificial Intelligence: A Modern Approach (Ed 4),2026-03-03,2026-03-24,7
Tanvi Joshi 99,2023PE9633,IT058,Cryptography and Network Security (Ed 10),2026-02-24,2026-03-02,0
Kiara Gupta,2024PE7088,FI059,Engineering Physics (Ed 8),2026-01-31,2026-02-07,0
Ishaan Gupta 8,2024PE2131,ME048,Theory of Machines (Ed 10),2026-03-20,2026-03-30,0
Rohan Sharma,2022PE2385,IT032,Cloud Computing (Ed 6),2026-01-31,2026-02-10,0
Aarav Nair 12,2023PE6834,EX009,Antenna Theory (Ed 2),2026-02-21,2026-03-03,0
Ishaan Iyer 74,2023PE8111,CS089,Introduction to Algorithms (Ed 12),2026-02-02,2026-02-14,0
Kiara Joshi,2024PE1004,EX046,Microwave Engineering (Ed 8),2026-02-24,2026-03-07,0
Aditya Sharma 19,2023PE9780,EX068,Digital Communications (Ed 12),2026-03-09,2026-03-28,5
Aarav Deshmukh,2024PE3765,ME036,Thermodynamics: An Engineering Approach (Ed 8),2026-02-27,2026-03-29,16
Rohan Joshi,2023PE6992,CS005,Database System Concepts (Ed 1),2026-03-20,2026-03-26,0
Arjun Iyer 16,2022PE8576,EX081,Antenna Theory (Ed 14),2026-03-09,2026-03-25,2
Vihaan Iyer,2022PE4417,AU042,Internal Combustion Engines (Ed 11),2026-01-30,2026-02-20,7
Ishaan Nair 61,2022PE7006,EC043,Digital Design (Ed 8),2026-02-26,2026-03-12,0
Vihaan Gupta 97,2024PE6636,FI029,Engineering Mechanics (Ed 4),2026-02-27,2026-03-25,12
Ananya Gupta,2024PE6771,IT099,Web Technologies (Ed 17),2026-03-11,2026-03-27,2
Rohan Deshmukh,2022PE5607,IT003,Web Technologies (Ed 1),2026-03-06,2026-03-14,0
Aditya Sharma,2024PE3317,CS095,Discrete Mathematics (Ed 12),2026-03-09,2026-03-15,0
Kiara Gupta,2024PE7088,AU006,Internal Combustion Engines (Ed 2),2026-02-19,2026-02-25,0
Vihaan Kulkarni,2022PE2154,EX036,Wireless Communications (Ed 6),2026-02-02,2026-03-03,15
Ishaan Sharma,2022PE9576,IT035,Big Data Analytics (Ed 6),2026-01-28,2026-02-16,5
Aditya Joshi 3,2023PE8364,EX083,Optical Fiber Communications (Ed 14),2026-03-14,2026-04-07,10
Ananya Verma 72,2022PE1999,FI097,Higher Engineering Mathematics (Ed 13),2026-01-30,2026-02-16,3
Kiara Iyer,2024PE4898,EC057,Signals and Systems (Ed 10),2026-02-22,2026-03-11,3
Aditya Sharma 66,2023PE8974,FI011,Engineering Physics (Ed 2),2026-01-29,2026-02-21,9
Isha Mehta 32,2022PE3243,FI097,Higher Engineering Mathematics (Ed 13),2026-02-21,2026-03-12,5
Aditya Gupta 96,2023PE4569,FI081,Higher Engineering Mathematics (Ed 11),2026-01-26,2026-02-16,7
Isha Iyer 7,2024PE1557,ME020,Heat and Mass Transfer (Ed 4),2026-02-23,2026-02-28,0
Rohan Deshmukh 81,2024PE2984,EC002,Microprocessor Architecture (Ed 1),2026-01-26,2026-02-19,10
Sanya Joshi,2024PE5913,IT053,Big Data Analytics (Ed 9),2026-03-02,2026-03-22,6
Rohan Mehta 30,2023PE2219,EC086,Microprocessor Architecture (Ed 15),2026-03-11,2026-03-23,0
Diya Verma 88,2022PE2283,EX066,Wireless Communications (Ed 11),2026-01-26,2026-02-05,0
Aarav Deshmukh 33,2023PE6002,EX059,Optical Fiber Communications (Ed 10),2026-03-12,2026-03-17,0
Tanvi Joshi,2024PE4954,IT023,Big Data Analytics (Ed 4),2026-03-21,2026-04-12,8
Rohan Nair,2023PE8963,FI056,Engineering Graphics (Ed 7),2026-02-28,2026-03-20,6
Aditya Patil 63,2023PE4695,EC020,Microprocessor Architecture (Ed 4),2026-02-20,2026-03-06,0
Aarav Joshi 3,2023PE1952,EX001,Principles of Communication Systems (Ed 1),2026-02-19,2026-03-15,10
Tanvi Joshi 99,2023PE9633,IT006,The Complete Reference Java (Ed 1),2026-03-09,2026-03-25,2
Arjun Kulkarni,2022PE7400,EC086,Microprocessor Architecture (Ed 15),2026-03-10,2026-03-17,0
Aarav Kulkarni,2023PE3838,EX005,Optical Fiber Communications (Ed 1),2026-03-19,2026-04-14,12
Diya Mehta 14,2024PE7183,FI027,Engineering Physics (Ed 4),2026-02-18,2026-03-11,7
Diya Gupta 61,2024PE6356,AU010,Internal Combustion Engines (Ed 3),2026-02-05,2026-02-17,0
Ishaan Verma 8,2023PE1338,EC059,VLSI Design (Ed 10),2026-03-02,2026-03-24,8
Aditya Patil 40,2024PE4021,FI059,Engineering Physics (Ed 8),2026-02-26,2026-03-14,2
Kiara Gupta,2024PE7088,EC090,Control Systems Engineering (Ed 15),2026-02-04,2026-02-23,5
Vihaan Sharma,2023PE2818,IT084,The Complete Reference Java (Ed 14),2026-03-20,2026-03-26,0
Aarav Kulkarni 63,2024PE1018,EC083,VLSI Design (Ed 14),2026-03-11,2026-03-22,0
Tanvi Iyer,2023PE4668,CS057,Introduction to Algorithms (Ed 8),2026-02-20,2026-03-16,10
Arjun Verma,2023PE9379,CS079,Discrete Mathematics (Ed 10),2026-03-20,2026-04-11,8
Vihaan Sharma,2023PE2818,AU001,Automotive Mechanics (Ed 1),2026-03-18,2026-03-26,0
Ishaan Verma 8,2023PE1338,IT093,Web Technologies (Ed 16),2026-02-17,2026-02-28,0
Rohan Iyer 96,2023PE4856,IT082,Cryptography and Network Security (Ed 14),2026-03-18,2026-03-24,0
Aditya Sharma 66,2023PE8974,CS041,Introduction to Algorithms (Ed 6),2026-03-14,2026-03-30,2
Ishaan Sharma,2022PE9576,CS071,Discrete Mathematics (Ed 9),2026-03-11,2026-03-17,0
Sanya Sharma,2023PE2446,FI050,Advanced Engineering Mathematics (Ed 7),2026-03-13,2026-03-18,0
Aarav Mehta,2024PE1934,EC022,Embedded Systems (Ed 4),2026-01-27,2026-02-16,6
Rohan Mehta 30,2023PE2219,EC058,Embedded Systems (Ed 10),2026-02-09,2026-02-15,0
Rohan Iyer,2023PE8528,EC031,Digital Design (Ed 6),2026-03-17,2026-04-06,6
Ishaan Deshmukh 21,2024PE7519,EX002,Digital Communications (Ed 1),2026-02-09,2026-02-20,0
Vihaan Deshmukh,2024PE6337,EX026,Digital Communications (Ed 5),2026-02-11,2026-03-07,10
Ananya Kulkarni 58,2022PE6909,IT064,Cryptography and Network Security (Ed 11),2026-03-11,2026-03-20,0
Diya Gupta,2024PE7855,FI081,Higher Engineering Mathematics (Ed 11),2026-02-19,2026-03-15,10
Ananya Sharma,2024PE2846,EX053,Optical Fiber Communications (Ed 9),2026-03-07,2026-03-12,0
Arjun Deshmukh,2024PE5958,IT002,Cloud Computing (Ed 1),2026-03-20,2026-04-02,0
Aditya Iyer,2023PE2132,ME021,Thermodynamics: An Engineering Approach (Ed 5),2026-03-02,2026-03-17,1
Sanya Kulkarni,2024PE9699,AU006,Internal Combustion Engines (Ed 2),2026-02-15,2026-03-12,11
Ananya Patil,2022PE6915,FI036,Applied Chemistry (Ed 5),2026-03-20,2026-04-06,3
Rohan Patil 52,2024PE8848,EC094,Embedded Systems (Ed 16),2026-02-18,2026-02-28,0
Aarav Joshi,2022PE5609,EX009,Antenna Theory (Ed 2),2026-03-11,2026-04-03,9
Tanvi Mehta,2022PE5334,EC015,Signals and Systems (Ed 3),2026-02-27,2026-03-19,6
Ishaan Patil 84,2024PE4199,EX008,Digital Communications (Ed 2),2026-03-15,2026-03-27,0
Isha Verma 47,2022PE9213,FI063,Programming in ANSI C (Ed 8),2026-01-26,2026-02-22,13
Aditya Deshmukh,2023PE2386,AU027,Vehicle Dynamics (Ed 7),2026-02-17,2026-03-07,4
Rohan Sharma 44,2023PE5978,AU036,Automobile Engineering (Ed 9),2026-03-10,2026-04-02,9
Kiara Sharma 78,2022PE5220,EX028,Microwave Engineering (Ed 5),2026-02-26,2026-03-09,0
Arjun Iyer 89,2023PE2157,EX048,Wireless Communications (Ed 8),2026-03-08,2026-03-15,0
Ananya Mehta,2024PE3040,FI042,Advanced Engineering Mathematics (Ed 6),2026-02-13,2026-03-08,9
Vihaan Deshmukh 20,2024PE9335,EX063,Antenna Theory (Ed 11),2026-03-16,2026-04-09,10
Ananya Iyer,2022PE5931,IT070,Cryptography and Network Security (Ed 12),2026-02-14,2026-03-06,6
Diya Mehta 50,2024PE1666,FI034,Advanced Engineering Mathematics (Ed 5),2026-03-01,2026-03-29,14
Ananya Verma 72,2022PE1999,EX093,Antenna Theory (Ed 16),2026-03-16,2026-03-24,0
Rohan Verma,2024PE2383,FI076,Applied Chemistry (Ed 10),2026-02-01,2026-03-01,14
Sanya Joshi 65,2024PE3813,FI010,Advanced Engineering Mathematics (Ed 2),2026-02-13,2026-02-21,0
Isha Mehta,2023PE3075,FI087,Programming in ANSI C (Ed 11),2026-02-05,2026-02-11,0
Rohan Iyer 96,2023PE4856,IT048,The Complete Reference Java (Ed 8),2026-03-11,2026-03-29,4
Sanya Kulkarni,2024PE9699,IT031,Software Engineering (Ed 6),2026-03-11,2026-04-05,11
Vihaan Mehta 27,2023PE9640,IT007,Software Engineering (Ed 2),2026-03-10,2026-03-24,0
Ishaan Deshmukh,2023PE2197,CS041,Introduction to Algorithms (Ed 6),2026-03-06,2026-03-27,7
Ananya Mehta,2024PE3040,CS014,Compilers: Principles (Ed 2),2026-02-20,2026-03-16,10
Kiara Gupta,2024PE7088,EC001,Digital Design (Ed 1),2026-03-19,2026-03-30,0
Aarav Patil 58,2022PE9317,FI086,Basic Electrical Engineering (Ed 11),2026-02-02,2026-02-20,4
Tanvi Verma 54,2024PE6896,CS064,Speech and Language Processing (Ed 8),2026-03-09,2026-03-31,8
Arjun Verma,2023PE9379,EC076,Embedded Systems (Ed 13),2026-03-08,2026-03-13,0
Arjun Iyer 16,2022PE8576,FI031,Programming in ANSI C (Ed 4),2026-02-05,2026-02-17,0
Vihaan Nair,2023PE8074,EX001,Principles of Communication Systems (Ed 1),2026-02-26,2026-03-25,13
Aditya Deshmukh 4,2024PE7575,ME011,Thermodynamics: An Engineering Approach (Ed 3),2026-02-19,2026-03-06,1
Ishaan Deshmukh,2023PE2197,IT027,Web Technologies (Ed 5),2026-02-23,2026-03-15,6
Tanvi Kulkarni 34,2023PE8564,AU024,Automobile Engineering (Ed 6),2026-03-21,2026-03-30,0
Vihaan Verma 22,2023PE2205,FI032,Engineering Graphics (Ed 4),2026-02-26,2026-03-15,3
Aarav Verma 15,2024PE2440,AU030,Internal Combustion Engines (Ed 8),2026-02-20,2026-03-13,7
Ishaan Verma 82,2022PE5185,CS030,Compilers: Principles (Ed 4),2026-02-24,2026-03-04,0
Kiara Sharma 78,2022PE5220,AU020,Automobile Engineering (Ed 5),2026-01-27,2026-02-12,2
Tanvi Kulkarni 34,2023PE8564,CS082,Operating System Concepts (Ed 11),2026-03-07,2026-03-24,3
Diya Kulkarni,2023PE9521,ME024,Strength of Materials (Ed 5),2026-02-10,2026-03-01,5
Rohan Joshi 44,2022PE8171,IT081,Web Technologies (Ed 14),2026-02-13,2026-03-04,5
Kiara Deshmukh,2024PE9834,FI059,Engineering Physics (Ed 8),2026-01-27,2026-02-06,0
Sanya Verma,2022PE9810,IT097,Software Engineering (Ed 17),2026-01-25,2026-02-15,7
Tanvi Nair 77,2022PE8417,FI082,Advanced Engineering Mathematics (Ed 11),2026-02-12,2026-02-17,0
Vihaan Deshmukh,2024PE6337,ME016,Thermodynamics: An Engineering Approach (Ed 4),2026-02-17,2026-03-12,9
Diya Gupta 81,2024PE8935,EX003,Antenna Theory (Ed 1),2026-02-01,2026-02-09,0
Aditya Deshmukh 82,2023PE4908,EX100,Microwave Engineering (Ed 17),2026-02-23,2026-03-02,0
Arjun Iyer,2022PE5160,ME040,Heat and Mass Transfer (Ed 8),2026-03-01,2026-03-24,9
Vihaan Deshmukh 20,2024PE9335,ME031,Thermodynamics: An Engineering Approach (Ed 7),2026-03-15,2026-03-21,0
Sanya Patil,2024PE8788,IT034,Cryptography and Network Security (Ed 6),2026-02-23,2026-03-15,6
Isha Deshmukh 14,2023PE8998,EC006,Control Systems Engineering (Ed 1),2026-02-23,2026-03-07,0
Aarav Sharma 72,2024PE4772,CS041,Introduction to Algorithms (Ed 6),2026-02-12,2026-02-23,0
Rohan Verma,2024PE2383,EC043,Digital Design (Ed 8),2026-01-28,2026-02-20,9
Diya Joshi,2023PE6234,ME003,Theory of Machines (Ed 1),2026-01-30,2026-02-13,0
Ishaan Mehta 31,2024PE8440,EC080,Microprocessor Architecture (Ed 14),2026-02-12,2026-03-07,9
Sanya Mehta 17,2022PE7829,EC091,Digital Design (Ed 16),2026-02-10,2026-03-10,14
Tanvi Mehta 2,2023PE8436,AU015,Vehicle Dynamics (Ed 4),2026-02-02,2026-02-15,0
Diya Verma 88,2022PE2283,FI097,Higher Engineering Mathematics (Ed 13),2026-03-16,2026-04-13,14
Rohan Deshmukh,2022PE5607,IT037,Software Engineering (Ed 7),2026-01-26,2026-02-08,0
Arjun Joshi,2023PE1978,CS099,Computer Networks (Ed 13),2026-02-15,2026-02-25,0
Aarav Kulkarni 54,2022PE7814,FI017,Higher Engineering Mathematics (Ed 3),2026-03-08,2026-03-26,4
Vihaan Joshi 38,2024PE1105,IT046,Cryptography and Network Security (Ed 8),2026-02-26,2026-03-03,0
Vihaan Joshi 38,2024PE1105,IT009,Web Technologies (Ed 2),2026-03-01,2026-03-09,0
Sanya Gupta,2024PE6130,EX038,Digital Communications (Ed 7),2026-02-06,2026-02-25,5
Diya Nair 44,2022PE5739,EC004,Embedded Systems (Ed 1),2026-03-17,2026-04-15,15
Ishaan Nair 61,2022PE7006,EC027,Signals and Systems (Ed 5),2026-03-21,2026-04-17,13
Diya Kulkarni,2023PE9521,EX097,Principles of Communication Systems (Ed 17),2026-02-25,2026-03-10,0
Tanvi Verma 95,2023PE2520,EX012,Wireless Communications (Ed 2),2026-02-26,2026-03-17,5
Rohan Sharma 44,2023PE5978,FI073,Higher Engineering Mathematics (Ed 10),2026-01-29,2026-02-27,15
Sanya Sharma,2023PE2446,IT081,Web Technologies (Ed 14),2026-02-08,2026-03-07,13
Arjun Patil,2024PE3894,IT054,The Complete Reference Java (Ed 9),2026-02-03,2026-02-17,0
Aditya Joshi,2024PE8755,IT055,Software Engineering (Ed 10),2026-03-11,2026-03-23,0
Aditya Sharma 68,2023PE2128,ME048,Theory of Machines (Ed 10),2026-02-22,2026-03-10,2
Ananya Patil,2022PE6915,ME007,Fluid Mechanics (Ed 2),2026-02-07,2026-03-05,12
Aditya Iyer 92,2024PE5394,CS004,Artificial Intelligence: A Modern Approach (Ed 1),2026-02-05,2026-02-21,2
Ishaan Iyer 74,2023PE8111,EC068,Microprocessor Architecture (Ed 12),2026-02-09,2026-03-04,9
Ishaan Verma 30,2024PE5447,CS071,Discrete Mathematics (Ed 9),2026-01-26,2026-01-31,0
Ananya Iyer 16,2023PE4935,ME044,Strength of Materials (Ed 9),2026-01-29,2026-02-08,0
Aditya Iyer,2023PE2132,IT100,Cryptography and Network Security (Ed 17),2026-02-03,2026-02-18,1
Kiara Joshi,2024PE1004,EX014,Digital Communications (Ed 3),2026-02-27,2026-03-28,15
Aarav Joshi 69,2023PE7730,ME026,Thermodynamics: An Engineering Approach (Ed 6),2026-03-07,2026-03-24,3
Vihaan Verma 22,2023PE2205,ME006,Thermodynamics: An Engineering Approach (Ed 2),2026-02-10,2026-03-04,8
Aarav Nair 12,2023PE6834,IT036,The Complete Reference Java (Ed 6),2026-03-09,2026-04-07,15
Diya Nair 44,2022PE5739,EC077,VLSI Design (Ed 13),2026-03-09,2026-03-17,0
Aarav Kulkarni,2023PE3838,AU007,Vehicle Dynamics (Ed 2),2026-01-26,2026-02-05,0
Tanvi Patil,2024PE5622,EC066,Control Systems Engineering (Ed 11),2026-02-03,2026-02-08,0
Rohan Deshmukh 81,2024PE2984,IT053,Big Data Analytics (Ed 9),2026-02-15,2026-03-09,8
Aditya Gupta 96,2023PE4569,FI066,Advanced Engineering Mathematics (Ed 9),2026-02-03,2026-02-17,0
Rohan Deshmukh 67,2023PE4515,IT097,Software Engineering (Ed 17),2026-02-02,2026-02-18,2
Kiara Deshmukh 61,2023PE4535,EC035,VLSI Design (Ed 6),2026-02-05,2026-02-20,1
Rohan Mehta,2022PE3378,CS071,Discrete Mathematics (Ed 9),2026-02-10,2026-03-02,6
Sanya Nair 49,2023PE5362,CS053,Database System Concepts (Ed 7),2026-03-19,2026-04-11,9
Ishaan Verma 8,2023PE1338,FI075,Engineering Physics (Ed 10),2026-03-12,2026-04-11,16
Tanvi Patil 2,2023PE8861,EC073,Digital Design (Ed 13),2026-02-07,2026-02-21,0
Sanya Sharma,2023PE2446,CS018,Operating System Concepts (Ed 3),2026-02-23,2026-02-28,0
Aditya Gupta 34,2023PE6062,ME045,Heat and Mass Transfer (Ed 9),2026-02-26,2026-03-13,1
Vihaan Deshmukh 76,2024PE4244,AU037,Automotive Mechanics (Ed 10),2026-02-18,2026-02-25,0
Vihaan Nair 34,2024PE8116,IT087,Web Technologies (Ed 15),2026-03-01,2026-03-31,16
Aditya Joshi,2024PE8755,EX013,Principles of Communication Systems (Ed 3),2026-02-06,2026-02-12,0
Tanvi Patil 92,2023PE4080,ME009,Strength of Materials (Ed 2),2026-02-10,2026-02-25,1
Aditya Patil 63,2023PE4695,ME031,Thermodynamics: An Engineering Approach (Ed 7),2026-03-16,2026-04-09,10
Vihaan Verma,2024PE6948,FI096,Engineering Graphics (Ed 12),2026-02-26,2026-03-13,1
Kiara Mehta,2022PE1141,FI070,Basic Electrical Engineering (Ed 9),2026-03-03,2026-03-26,9
Isha Kulkarni,2024PE4211,AU011,Vehicle Dynamics (Ed 3),2026-02-23,2026-03-25,16
Aditya Mehta,2022PE1842,FI061,Engineering Mechanics (Ed 8),2026-02-25,2026-03-04,0
Arjun Iyer,2022PE5160,EC019,Digital Design (Ed 4),2026-02-12,2026-03-11,13
Diya Kulkarni 58,2024PE9288,AU045,Automotive Mechanics (Ed 12),2026-02-10,2026-02-16,0
Isha Patil,2023PE3208,EC089,VLSI Design (Ed 15),2026-02-18,2026-03-15,11
Aditya Sharma 19,2023PE9780,IT071,Big Data Analytics (Ed 12),2026-01-28,2026-02-26,15
Tanvi Verma 95,2023PE2520,IT069,Web Technologies (Ed 12),2026-01-27,2026-02-20,10
Ananya Sharma,2024PE2846,IT067,Software Engineering (Ed 12),2026-03-13,2026-04-01,5
Sanya Nair 49,2023PE5362,CS039,Discrete Mathematics (Ed 5),2026-01-30,2026-02-12,0
Rohan Iyer 96,2023PE4856,EX096,Wireless Communications (Ed 16),2026-02-01,2026-03-01,14
Aditya Iyer,2023PE2132,IT067,Software Engineering (Ed 12),2026-02-07,2026-03-04,11
Arjun Sharma,2023PE7484,CS056,Speech and Language Processing (Ed 7),2026-02-18,2026-03-01,0
Kiara Kulkarni,2024PE4134,IT002,Cloud Computing (Ed 1),2026-03-16,2026-04-05,6
Ishaan Deshmukh,2023PE2197,CS050,Operating System Concepts (Ed 7),2026-02-06,2026-03-04,12
Ananya Verma 72,2022PE1999,CS099,Computer Networks (Ed 13),2026-03-08,2026-04-03,12
Ananya Kulkarni 58,2022PE6909,CS020,Artificial Intelligence: A Modern Approach (Ed 3),2026-01-29,2026-02-24,12
Kiara Iyer,2024PE4898,EC014,Microprocessor Architecture (Ed 3),2026-02-25,2026-03-21,10
Diya Deshmukh,2023PE2382,ME011,Thermodynamics: An Engineering Approach (Ed 3),2026-02-04,2026-02-21,3
Ishaan Joshi 82,2024PE1205,FI099,Engineering Physics (Ed 13),2026-02-03,2026-02-12,0
Tanvi Kulkarni 49,2023PE3069,ME022,Fluid Mechanics (Ed 5),2026-02-14,2026-02-27,0
Aditya Mehta,2022PE1842,CS078,Compilers: Principles (Ed 10),2026-02-03,2026-02-15,0
Ishaan Kulkarni,2024PE8304,EX051,Antenna Theory (Ed 9),2026-01-25,2026-01-30,0
Diya Sharma 81,2024PE9764,CS088,Speech and Language Processing (Ed 11),2026-02-07,2026-02-13,0
Diya Mehta 50,2024PE1666,FI021,Engineering Mechanics (Ed 3),2026-03-08,2026-04-05,14
Arjun Mehta,2024PE8435,ME046,Thermodynamics: An Engineering Approach (Ed 10),2026-01-27,2026-02-23,13
Arjun Joshi,2023PE1978,FI068,Applied Chemistry (Ed 9),2026-02-19,2026-03-18,13
Vihaan Verma 22,2023PE2205,IT025,Software Engineering (Ed 5),2026-03-09,2026-03-31,8
Rohan Deshmukh,2022PE5607,CS049,Introduction to Algorithms (Ed 7),2026-02-06,2026-03-05,13
Rohan Joshi,2023PE6992,FI006,Basic Electrical Engineering (Ed 1),2026-02-19,2026-03-16,11
Arjun Deshmukh 24,2024PE5995,EX025,Principles of Communication Systems (Ed 5),2026-03-18,2026-04-11,10
Tanvi Kulkarni 34,2023PE8564,FI057,Higher Engineering Mathematics (Ed 8),2026-03-04,2026-03-31,13
Vihaan Nair 34,2024PE8116,EX060,Wireless Communications (Ed 10),2026-03-19,2026-04-08,6
Tanvi Patil 12,2022PE3542,FI008,Engineering Graphics (Ed 1),2026-02-22,2026-03-24,16
Diya Mehta 60,2023PE8454,CS088,Speech and Language Processing (Ed 11),2026-02-08,2026-02-25,3
Rohan Gupta 43,2024PE9460,EC030,Control Systems Engineering (Ed 5),2026-02-11,2026-03-02,5
Ananya Patil,2022PE6915,ME020,Heat and Mass Transfer (Ed 4),2026-02-10,2026-03-07,11
Aarav Nair,2024PE9881,IT066,The Complete Reference Java (Ed 11),2026-02-27,2026-03-06,0
Ananya Nair 68,2022PE4864,IT032,Cloud Computing (Ed 6),2026-02-17,2026-02-25,0
Ishaan Verma 82,2022PE5185,IT027,Web Technologies (Ed 5),2026-03-20,2026-04-18,15
Arjun Kulkarni 64,2023PE2681,ME026,Thermodynamics: An Engineering Approach (Ed 6),2026-01-31,2026-03-02,16
Aarav Joshi,2022PE5609,AU012,Automobile Engineering (Ed 3),2026-03-18,2026-03-30,0
Vihaan Verma,2024PE6948,IT055,Software Engineering (Ed 10),2026-02-16,2026-02-25,0
Isha Sharma,2022PE5499,FI077,Engineering Mechanics (Ed 10),2026-03-05,2026-03-22,3
Rohan Mehta 73,2022PE2636,FI062,Basic Electrical Engineering (Ed 8),2026-02-18,2026-03-15,11
Sanya Deshmukh,2024PE5035,FI074,Advanced Engineering Mathematics (Ed 10),2026-02-17,2026-02-26,0
Kiara Mehta,2022PE1141,EC069,Signals and Systems (Ed 12),2026-03-03,2026-03-19,2
Diya Nair 44,2022PE5739,FI034,Advanced Engineering Mathematics (Ed 5),2026-01-27,2026-02-26,16
Ishaan Nair 61,2022PE7006,IT094,Cryptography and Network Security (Ed 16),2026-02-13,2026-02-22,0
Vihaan Joshi 93,2023PE5195,FI095,Programming in ANSI C (Ed 12),2026-02-23,2026-03-06,0
Rohan Patil,2022PE7622,EX073,Principles of Communication Systems (Ed 13),2026-03-16,2026-04-01,2
Kiara Sharma 90,2022PE7324,FI050,Advanced Engineering Mathematics (Ed 7),2026-02-20,2026-03-07,1
Kiara Patil 26,2022PE7093,CS016,Speech and Language Processing (Ed 2),2026-03-17,2026-04-07,7
Aarav Patil 58,2022PE9317,FI082,Advanced Engineering Mathematics (Ed 11),2026-03-18,2026-04-15,14
Rohan Nair,2023PE8963,ME013,Theory of Machines (Ed 3),2026-02-27,2026-03-05,0
Rohan Verma 15,2022PE7221,FI095,Programming in ANSI C (Ed 12),2026-02-14,2026-02-28,0
Ishaan Deshmukh 21,2024PE7519,FI076,Applied Chemistry (Ed 10),2026-03-13,2026-03-18,0
Vihaan Joshi,2024PE7272,EX072,Wireless Communications (Ed 12),2026-02-10,2026-03-03,7
Aarav Mehta 10,2024PE9563,EC031,Digital Design (Ed 6),2026-02-14,2026-02-25,0
Aditya Kulkarni 66,2024PE7300,CS003,Computer Networks (Ed 1),2026-03-08,2026-03-30,8
Sanya Kulkarni 43,2023PE9237,EX031,Principles of Communication Systems (Ed 6),2026-03-09,2026-03-24,1
Ananya Joshi 85,2022PE5260,AU037,Automotive Mechanics (Ed 10),2026-03-04,2026-04-02,15
Diya Nair 44,2022PE5739,AU011,Vehicle Dynamics (Ed 3),2026-02-27,2026-03-29,16
Ishaan Gupta,2024PE2675,AU014,Internal Combustion Engines (Ed 4),2026-03-13,2026-03-21,0
Ishaan Patil 84,2024PE4199,CS079,Discrete Mathematics (Ed 10),2026-03-08,2026-03-16,0
Aditya Deshmukh 82,2023PE4908,CS089,Introduction to Algorithms (Ed 12),2026-01-26,2026-02-10,1
Arjun Kulkarni,2022PE7400,IT002,Cloud Computing (Ed 1),2026-02-12,2026-02-19,0
Aarav Joshi 3,2023PE1952,FI035,Engineering Physics (Ed 5),2026-02-03,2026-02-11,0
Rohan Sharma 32,2023PE4496,EX028,Microwave Engineering (Ed 5),2026-03-02,2026-03-23,7
Tanvi Joshi 85,2022PE5551,IT082,Cryptography and Network Security (Ed 14),2026-03-11,2026-03-23,0
Arjun Patil 36,2022PE3425,CS051,Computer Networks (Ed 7),2026-02-06,2026-03-06,14
Rohan Patil 52,2024PE8848,EC014,Microprocessor Architecture (Ed 3),2026-03-18,2026-04-15,14
Aditya Nair 73,2024PE8203,FI029,Engineering Mechanics (Ed 4),2026-03-15,2026-03-27,0
Rohan Patil,2022PE7622,EX028,Microwave Engineering (Ed 5),2026-03-21,2026-04-16,12
Sanya Nair 49,2023PE5362,CS046,Compilers: Principles (Ed 6),2026-02-07,2026-02-15,0
Sanya Gupta,2024PE6130,ME037,Fluid Mechanics (Ed 8),2026-03-04,2026-03-20,2
Kiara Patil,2022PE8522,EX028,Microwave Engineering (Ed 5),2026-02-21,2026-03-08,1
Kiara Mehta,2022PE1141,EX078,Wireless Communications (Ed 13),2026-03-02,2026-03-07,0
Arjun Mehta,2024PE8435,IT079,Software Engineering (Ed 14),2026-03-17,2026-03-31,0
Vihaan Mehta 27,2023PE9640,EC014,Microprocessor Architecture (Ed 3),2026-01-25,2026-02-24,16
Ishaan Joshi 82,2024PE1205,CS098,Operating System Concepts (Ed 13),2026-03-10,2026-03-23,0
Isha Mehta 32,2022PE3243,EC016,Embedded Systems (Ed 3),2026-03-14,2026-03-24,0
Isha Deshmukh 14,2023PE8998,FI091,Engineering Physics (Ed 12),2026-01-31,2026-02-24,10
Arjun Patil 36,2022PE3425,FI052,Applied Chemistry (Ed 7),2026-02-04,2026-02-27,9
Arjun Sharma,2023PE7484,EC085,Digital Design (Ed 15),2026-03-20,2026-04-18,15
Isha Joshi 42,2022PE9995,FI019,Engineering Physics (Ed 3),2026-03-03,2026-03-09,0
Rohan Joshi,2023PE6992,IT011,Big Data Analytics (Ed 2),2026-02-21,2026-03-08,1
Aditya Patil 40,2024PE4021,IT015,Web Technologies (Ed 3),2026-03-18,2026-04-13,12
Kiara Nair,2022PE1609,CS093,Database System Concepts (Ed 12),2026-02-20,2026-02-27,0
Kiara Deshmukh,2024PE9834,CS005,Database System Concepts (Ed 1),2026-02-13,2026-02-25,0
Rohan Sharma,2022PE2385,ME038,Theory of Machines (Ed 8),2026-01-27,2026-02-23,13
Tanvi Verma,2024PE1453,FI094,Basic Electrical Engineering (Ed 12),2026-03-20,2026-04-11,8
Arjun Joshi 67,2023PE4483,CS005,Database System Concepts (Ed 1),2026-03-06,2026-03-31,11
Diya Iyer,2024PE6608,IT059,Big Data Analytics (Ed 10),2026-02-24,2026-03-07,0
Kiara Deshmukh,2024PE9834,EX030,Wireless Communications (Ed 5),2026-03-14,2026-03-19,0
Isha Nair,2022PE2006,FI082,Advanced Engineering Mathematics (Ed 11),2026-01-29,2026-02-22,10
Rohan Sharma 44,2023PE5978,EC054,Control Systems Engineering (Ed 9),2026-03-09,2026-03-15,0
Vihaan Deshmukh,2024PE6337,FI024,Engineering Graphics (Ed 3),2026-02-19,2026-03-12,7
Arjun Gupta,2023PE6637,IT080,Cloud Computing (Ed 14),2026-03-10,2026-04-07,14
Kiara Sharma,2022PE9620,FI010,Advanced Engineering Mathematics (Ed 2),2026-02-11,2026-02-16,0
Rohan Gupta 43,2024PE9460,ME043,Theory of Machines (Ed 9),2026-03-07,2026-04-06,16
Ananya Deshmukh 82,2023PE6332,EC030,Control Systems Engineering (Ed 5),2026-02-05,2026-02-19,0
Sanya Gupta,2024PE6130,EC086,Microprocessor Architecture (Ed 15),2026-03-14,2026-03-29,1
Tanvi Iyer,2023PE4668,FI095,Programming in ANSI C (Ed 12),2026-02-03,2026-03-05,16
Diya Gupta 81,2024PE8935,EX071,Optical Fiber Communications (Ed 12),2026-02-11,2026-02-17,0
Ananya Sharma,2024PE2846,EX006,Wireless Communications (Ed 1),2026-01-27,2026-02-19,9
Aarav Deshmukh 33,2023PE6002,CS018,Operating System Concepts (Ed 3),2026-03-19,2026-04-12,10
Diya Kulkarni,2023PE9521,IT083,Big Data Analytics (Ed 14),2026-02-04,2026-02-16,0
Kiara Patil 40,2023PE8873,IT016,Cryptography and Network Security (Ed 3),2026-03-16,2026-04-11,12
Aditya Sharma 78,2024PE2224,AU016,Automobile Engineering (Ed 4),2026-02-02,2026-02-28,12
Sanya Mehta 17,2022PE7829,IT022,Cryptography and Network Security (Ed 4),2026-03-06,2026-03-22,2
Ishaan Nair 89,2022PE3804,EX041,Optical Fiber Communications (Ed 7),2026-02-24,2026-03-15,5
Diya Patil,2023PE6317,CS026,Operating System Concepts (Ed 4),2026-01-27,2026-02-17,7
Rohan Sharma 87,2024PE1567,EC053,VLSI Design (Ed 9),2026-03-06,2026-03-18,0
Arjun Joshi 67,2023PE4483,EC009,Signals and Systems (Ed 2),2026-03-08,2026-03-25,3
Diya Kulkarni 52,2022PE5213,FI034,Advanced Engineering Mathematics (Ed 5),2026-03-16,2026-04-02,3
Sanya Gupta 41,2023PE2789,AU042,Internal Combustion Engines (Ed 11),2026-03-18,2026-04-13,12
Vihaan Verma 22,2023PE2205,ME037,Fluid Mechanics (Ed 8),2026-02-21,2026-03-17,10
Aditya Gupta 36,2024PE9803,EX052,Microwave Engineering (Ed 9),2026-02-16,2026-02-28,0
Tanvi Verma 54,2024PE6896,EX017,Optical Fiber Communications (Ed 3),2026-03-16,2026-03-24,0
Ishaan Deshmukh 3,2023PE3008,CS030,Compilers: Principles (Ed 4),2026-02-14,2026-03-10,10
Aarav Sharma 81,2023PE3004,EC062,Microprocessor Architecture (Ed 11),2026-03-18,2026-04-15,14
Vihaan Sharma,2023PE2818,EC009,Signals and Systems (Ed 2),2026-02-14,2026-03-02,2
Kiara Nair 90,2023PE9426,EX003,Antenna Theory (Ed 1),2026-01-27,2026-02-05,0
Ananya Verma 72,2022PE1999,EX028,Microwave Engineering (Ed 5),2026-03-13,2026-04-02,6
Tanvi Nair 16,2022PE5319,EC015,Signals and Systems (Ed 3),2026-02-25,2026-03-19,8
Arjun Gupta 32,2024PE3537,CS057,Introduction to Algorithms (Ed 8),2026-02-25,2026-03-16,5
Ishaan Deshmukh 21,2024PE7519,EX019,Principles of Communication Systems (Ed 4),2026-03-17,2026-03-28,0
Aarav Mehta,2024PE1934,EC008,Microprocessor Architecture (Ed 2),2026-02-19,2026-02-27,0
Arjun Deshmukh 93,2024PE5724,IT065,Big Data Analytics (Ed 11),2026-03-10,2026-04-06,13
Sanya Gupta,2024PE6130,CS081,Introduction to Algorithms (Ed 11),2026-02-26,2026-03-03,0
Aditya Patil 40,2024PE4021,FI060,Applied Chemistry (Ed 8),2026-02-24,2026-03-23,13
Kiara Kulkarni 33,2024PE1077,EX019,Principles of Communication Systems (Ed 4),2026-02-06,2026-03-02,10
Ananya Iyer,2022PE5931,EX035,Optical Fiber Communications (Ed 6),2026-03-17,2026-03-31,0
Aarav Sharma 83,2023PE1183,IT098,Cloud Computing (Ed 17),2026-01-27,2026-02-24,14
Aarav Iyer,2024PE1030,FI092,Applied Chemistry (Ed 12),2026-02-15,2026-03-03,2
Isha Sharma 78,2022PE5831,CS048,Speech and Language Processing (Ed 6),2026-02-23,2026-03-24,15
Vihaan Deshmukh 76,2024PE4244,EX033,Antenna Theory (Ed 6),2026-03-19,2026-04-16,14
Tanvi Mehta 9,2022PE5059,ME019,Strength of Materials (Ed 4),2026-01-28,2026-02-14,3
Isha Gupta 32,2022PE8342,CS093,Database System Concepts (Ed 12),2026-03-06,2026-03-20,0
Rohan Iyer 11,2023PE4126,EX099,Antenna Theory (Ed 17),2026-03-11,2026-04-03,9
Ananya Deshmukh 82,2023PE6332,EC035,VLSI Design (Ed 6),2026-02-23,2026-03-10,1
Aarav Patil 58,2022PE9317,IT039,Web Technologies (Ed 7),2026-02-07,2026-02-14,0
Arjun Mehta,2024PE8435,ME008,Theory of Machines (Ed 2),2026-03-12,2026-03-24,0
Ishaan Sharma 96,2023PE8796,IT007,Software Engineering (Ed 2),2026-03-07,2026-03-21,0
Sanya Kulkarni 43,2023PE9237,EC028,Embedded Systems (Ed 5),2026-02-06,2026-03-01,9
Rohan Patil 52,2024PE8848,IT051,Web Technologies (Ed 9),2026-01-29,2026-02-12,0
Arjun Iyer 16,2022PE8576,EX025,Principles of Communication Systems (Ed 5),2026-02-18,2026-02-28,0
Ishaan Patil,2024PE5475,CS024,Speech and Language Processing (Ed 3),2026-02-18,2026-03-11,7
Diya Mehta 60,2023PE8454,EC060,Control Systems Engineering (Ed 10),2026-02-09,2026-02-23,0
Aarav Patil 58,2022PE9317,AU021,Automotive Mechanics (Ed 6),2026-02-04,2026-03-04,14
Aditya Mehta 47,2022PE7511,ME040,Heat and Mass Transfer (Ed 8),2026-03-04,2026-03-24,6
Vihaan Sharma,2023PE2818,IT030,The Complete Reference Java (Ed 5),2026-01-29,2026-02-09,0
Rohan Sharma,2022PE2385,FI097,Higher Engineering Mathematics (Ed 13),2026-02-28,2026-03-18,4
Kiara Kulkarni 28,2023PE8187,FI042,Advanced Engineering Mathematics (Ed 6),2026-02-23,2026-03-19,10
Ishaan Deshmukh 3,2023PE3008,CS099,Computer Networks (Ed 13),2026-03-10,2026-03-15,0
Rohan Deshmukh 61,2022PE6459,CS051,Computer Networks (Ed 7),2026-02-23,2026-03-11,2
