Student Name,Admission No,Book Name,Issue Date,Return Date,Days Due
Myra Mishra,2022PE8496,Thermodynamics - Vol 1,2026-03-10,2026-03-19,0
Kabir Chauhan,2022PE3612,Engineering Math - Vol 7,2026-01-25,2026-02-16,8
Vihaan Das,2024PE6333,Thermodynamics - Vol 5,2026-03-15,2026-04-05,7
Isha Chauhan,2023PE9153,Data Structures - Vol 6,2026-01-29,2026-02-20,8
Yash Deshmukh,2022PE8185,Data Structures - Vol 5,2026-03-03,2026-03-08,0
Rahul Das,2023PE3794,Engineering Math - Vol 9,2026-01-18,2026-02-05,4
Rohan Patil,2023PE2001,Thermodynamics - Vol 1,2026-01-18,2026-02-08,7
Ananya Nair,2024PE8610,Operating Systems - Vol 4,2026-03-11,2026-03-26,1
Isha Kaur,2024PE2470,Data Structures - Vol 6,2026-02-01,2026-02-26,11
Anika Mishra,2024PE8255,Thermodynamics - Vol 3,2026-01-10,2026-01-30,6
Vihaan Mishra,2023PE9046,Engineering Math - Vol 1,2026-02-11,2026-03-07,10
Kabir Joshi,2022PE2650,Engineering Math - Vol 4,2026-01-31,2026-02-18,4
Priya Bose,2024PE9488,Operating Systems - Vol 6,2026-03-16,2026-04-08,9
Rahul Deshmukh,2023PE3338,Thermodynamics - Vol 5,2025-12-27,2026-01-01,0
Kiara Malhotra,2022PE2856,Engineering Math - Vol 9,2026-01-22,2026-01-31,0
Isha Yadav,2023PE3859,Operating Systems - Vol 6,2026-01-04,2026-01-24,6
Sneha Sharma,2023PE8815,Microprocessors - Vol 10,2026-01-24,2026-02-01,0
Kiara Kaur,2022PE6860,Operating Systems - Vol 6,2026-02-21,2026-03-01,0
Arjun Mishra,2024PE6503,Data Structures - Vol 6,2026-02-14,2026-03-01,1
Aryan Nair,2023PE6719,Thermodynamics - Vol 2,2026-03-13,2026-04-04,8
Kiara Kulkarni,2022PE3677,Thermodynamics - Vol 1,2026-03-17,2026-04-07,7
Aarav Patil,2022PE2128,Data Structures - Vol 6,2026-02-02,2026-02-09,0
Myra Verma,2022PE4833,Engineering Math - Vol 9,2026-03-08,2026-03-27,5
Rohan Singh,2024PE4675,Data Structures - Vol 8,2025-12-28,2026-01-20,9
Anika Kaur,2024PE5238,Thermodynamics - Vol 2,2025-12-28,2026-01-20,9
Aarav Das,2022PE3196,Thermodynamics - Vol 5,2026-02-25,2026-03-10,0
Tanvi Kulkarni,2023PE2625,Microprocessors - Vol 5,2026-03-11,2026-03-29,4
Anika Patil,2022PE1251,Microprocessors - Vol 1,2025-12-27,2026-01-01,0
Arjun Mishra,2024PE6503,Operating Systems - Vol 8,2026-01-07,2026-01-15,0
Aditya Joshi,2024PE4021,Data Structures - Vol 8,2026-01-15,2026-02-05,7
Rohan Reddy,2023PE9439,Microprocessors - Vol 4,2026-01-27,2026-02-09,0
Ishaan Iyer,2022PE9375,Thermodynamics - Vol 6,2026-02-10,2026-02-26,2
Sneha Das,2024PE4340,Operating Systems - Vol 3,2026-03-06,2026-03-11,0
Kabir Patil,2022PE4513,Engineering Math - Vol 9,2026-01-31,2026-02-18,4
Ishaan Pandey,2024PE9605,Engineering Math - Vol 10,2026-01-16,2026-02-10,11
Kabir Kulkarni,2024PE2889,Engineering Math - Vol 6,2025-12-29,2026-01-23,11
Isha Bose,2024PE6837,Engineering Math - Vol 2,2026-01-04,2026-01-12,0
Aryan Mishra,2024PE3169,Data Structures - Vol 5,2026-02-13,2026-02-26,0
Yash Singh,2023PE1031,Operating Systems - Vol 7,2026-02-18,2026-03-06,2
Yash Nair,2022PE9851,Data Structures - Vol 1,2026-02-21,2026-03-08,1
Arjun Mehta,2024PE3704,Engineering Math - Vol 3,2026-02-26,2026-03-12,0
Kiara Nair,2022PE4158,Operating Systems - Vol 3,2026-01-07,2026-01-25,4
Myra Bose,2024PE4220,Operating Systems - Vol 5,2026-03-19,2026-04-06,4
Diya Reddy,2024PE2122,Microprocessors - Vol 2,2026-02-11,2026-03-05,8
Diya Patil,2024PE1819,Engineering Math - Vol 10,2026-03-12,2026-03-25,0
Isha Kaur,2023PE4750,Operating Systems - Vol 7,2026-02-14,2026-02-27,0
Myra Bose,2024PE4220,Data Structures - Vol 4,2026-01-04,2026-01-23,5
Vihaan Malhotra,2022PE1034,Engineering Math - Vol 7,2026-03-20,2026-04-06,3
Rahul Pandey,2024PE8144,Data Structures - Vol 6,2026-03-04,2026-03-15,0
Sanya Sharma,2023PE2220,Microprocessors - Vol 6,2026-02-20,2026-03-10,4
Sneha Patil,2024PE8472,Microprocessors - Vol 3,2026-03-18,2026-03-29,0
Ishaan Das,2022PE8306,Engineering Math - Vol 4,2026-02-01,2026-02-07,0
Kabir Patil,2024PE1544,Operating Systems - Vol 6,2026-03-07,2026-03-30,9
Rahul Patil,2024PE2879,Thermodynamics - Vol 2,2025-12-26,2026-01-05,0
Vihaan Das,2024PE6333,Microprocessors - Vol 6,2026-01-22,2026-02-06,1
Aryan Joshi,2024PE9338,Engineering Math - Vol 4,2026-01-26,2026-02-19,10
Aditya Joshi,2024PE4021,Operating Systems - Vol 2,2026-02-12,2026-02-17,0
Isha Bose,2024PE6837,Thermodynamics - Vol 7,2026-01-15,2026-01-22,0
Arjun Kaur,2024PE9181,Data Structures - Vol 5,2026-01-03,2026-01-26,9
Yash Deshmukh,2022PE8185,Thermodynamics - Vol 5,2026-01-06,2026-01-16,0
Yash Deshmukh,2022PE8185,Data Structures - Vol 4,2026-01-26,2026-02-07,0
Diya Iyer,2023PE7572,Microprocessors - Vol 3,2026-03-20,2026-04-04,1
Rahul Das,2023PE3794,Operating Systems - Vol 1,2026-02-25,2026-03-05,0
Yash Singh,2023PE1031,Engineering Math - Vol 5,2026-03-01,2026-03-18,3
Kabir Singh,2024PE8039,Engineering Math - Vol 6,2026-03-05,2026-03-18,0
Yash Das,2024PE5945,Operating Systems - Vol 5,2026-01-22,2026-02-12,7
Vihaan Gupta,2023PE8075,Data Structures - Vol 4,2025-12-30,2026-01-22,9
Rahul Das,2023PE3794,Operating Systems - Vol 6,2026-01-11,2026-01-19,0
Aryan Verma,2024PE2092,Microprocessors - Vol 10,2026-02-20,2026-03-16,10
Anika Nair,2022PE4086,Microprocessors - Vol 7,2026-01-20,2026-01-29,0
Aditya Das,2023PE2917,Microprocessors - Vol 7,2026-01-11,2026-02-01,7
Tanvi Malhotra,2023PE5100,Thermodynamics - Vol 6,2026-02-27,2026-03-07,0
Myra Sharma,2022PE5593,Engineering Math - Vol 8,2026-02-21,2026-02-26,0
Rohan Yadav,2024PE7338,Thermodynamics - Vol 2,2026-02-18,2026-03-06,2
Aryan Mishra,2023PE8532,Operating Systems - Vol 6,2026-03-13,2026-03-25,0
Vihaan Reddy,2023PE2516,Engineering Math - Vol 10,2026-03-19,2026-04-09,7
Rahul Reddy,2023PE3104,Data Structures - Vol 2,2026-02-24,2026-03-11,1
Kabir Kulkarni,2024PE2889,Data Structures - Vol 9,2026-02-15,2026-03-11,10
Anika Mishra,2024PE8255,Operating Systems - Vol 9,2026-02-24,2026-03-16,6
Diya Verma,2022PE5753,Microprocessors - Vol 1,2026-02-19,2026-02-28,0
Priya Malhotra,2023PE7621,Engineering Math - Vol 4,2026-02-28,2026-03-25,11
Aditya Deshmukh,2024PE4183,Data Structures - Vol 6,2026-03-13,2026-03-25,0
Sneha Verma,2022PE5578,Operating Systems - Vol 7,2026-01-06,2026-01-16,0
Isha Sharma,2023PE2435,Data Structures - Vol 1,2026-02-12,2026-02-21,0
Yash Joshi,2022PE3895,Thermodynamics - Vol 7,2026-03-09,2026-03-22,0
Diya Das,2024PE4587,Operating Systems - Vol 3,2026-03-01,2026-03-26,11
Anika Nair,2024PE7282,Engineering Math - Vol 3,2026-02-21,2026-03-02,0
Aditya Yadav,2024PE2679,Operating Systems - Vol 3,2026-01-30,2026-02-19,6
Rahul Mehta,2023PE6534,Microprocessors - Vol 8,2026-03-12,2026-04-04,9
Myra Verma,2022PE4833,Operating Systems - Vol 7,2026-02-14,2026-03-04,4
Priya Malhotra,2024PE9478,Microprocessors - Vol 1,2026-02-12,2026-02-22,0
Sneha Pandey,2022PE5238,Operating Systems - Vol 3,2026-02-23,2026-03-13,4
Aditya Yadav,2024PE5800,Thermodynamics - Vol 1,2026-01-01,2026-01-18,3
Sneha Pandey,2022PE5238,Operating Systems - Vol 1,2026-03-06,2026-03-26,6
Sneha Mehta,2023PE7260,Engineering Math - Vol 6,2026-02-11,2026-02-24,0
Rohan Sharma,2023PE4338,Microprocessors - Vol 1,2026-03-03,2026-03-12,0
Aryan Pandey,2023PE9965,Engineering Math - Vol 10,2026-03-19,2026-04-10,8
Isha Sharma,2023PE2435,Operating Systems - Vol 6,2026-01-27,2026-02-18,8
Myra Kaur,2022PE5539,Thermodynamics - Vol 5,2026-03-01,2026-03-07,0
Anika Pandey,2024PE5041,Data Structures - Vol 6,2026-02-07,2026-02-17,0
Isha Das,2022PE3918,Data Structures - Vol 7,2026-01-23,2026-01-29,0
Arjun Mishra,2024PE6503,Microprocessors - Vol 9,2026-01-31,2026-02-21,7
Kabir Joshi,2022PE2650,Operating Systems - Vol 7,2026-01-23,2026-02-09,3
Kiara Kaur,2022PE9378,Engineering Math - Vol 7,2026-03-20,2026-04-03,0
Ananya Iyer,2022PE7629,Engineering Math - Vol 7,2026-01-29,2026-02-14,2
Yash Malhotra,2023PE4397,Microprocessors - Vol 5,2026-02-24,2026-03-11,1
Aditya Das,2023PE2917,Thermodynamics - Vol 5,2026-02-05,2026-02-23,4
Aditya Deshmukh,2024PE4183,Data Structures - Vol 1,2026-01-31,2026-02-25,11
Sneha Kaur,2024PE9451,Engineering Math - Vol 4,2026-02-05,2026-02-17,0
Aryan Yadav,2024PE7501,Microprocessors - Vol 1,2026-01-13,2026-01-30,3
Kiara Nair,2022PE4158,Operating Systems - Vol 8,2026-02-22,2026-02-28,0
Rahul Bose,2022PE6922,Engineering Math - Vol 9,2025-12-26,2026-01-04,0
Aditya Patil,2023PE6466,Data Structures - Vol 4,2026-02-01,2026-02-18,3
Isha Sharma,2024PE3219,Data Structures - Vol 1,2026-02-24,2026-03-16,6
Rahul Deshmukh,2024PE4508,Operating Systems - Vol 2,2026-02-09,2026-02-20,0
Ananya Kaur,2023PE2337,Thermodynamics - Vol 4,2026-01-31,2026-02-07,0
Kabir Singh,2024PE8039,Operating Systems - Vol 7,2026-01-08,2026-01-13,0
Aryan Mishra,2023PE8532,Operating Systems - Vol 3,2026-02-09,2026-02-21,0
Rahul Malhotra,2022PE3545,Operating Systems - Vol 8,2026-01-18,2026-02-03,2
Aarav Joshi,2024PE1844,Engineering Math - Vol 1,2026-01-12,2026-01-20,0
Ananya Pandey,2023PE9373,Microprocessors - Vol 10,2026-01-06,2026-01-15,0
Vihaan Reddy,2022PE1945,Microprocessors - Vol 7,2026-03-19,2026-04-07,5
Sneha Das,2023PE8959,Operating Systems - Vol 7,2026-02-07,2026-02-23,2
Anika Chauhan,2024PE6059,Microprocessors - Vol 9,2026-02-27,2026-03-07,0
Kabir Kulkarni,2024PE2889,Engineering Math - Vol 7,2026-01-12,2026-01-23,0
Vihaan Reddy,2023PE1644,Microprocessors - Vol 7,2026-01-25,2026-02-17,9
Sanya Das,2024PE2858,Data Structures - Vol 4,2026-03-17,2026-03-22,0
Rohan Bose,2023PE2115,Engineering Math - Vol 1,2026-03-08,2026-03-25,3
Aryan Kaur,2023PE2899,Microprocessors - Vol 1,2026-01-28,2026-02-06,0
Isha Das,2022PE6717,Engineering Math - Vol 4,2026-01-26,2026-02-14,5
Aryan Joshi,2024PE9338,Thermodynamics - Vol 4,2026-02-19,2026-03-10,5
Aarav Nair,2022PE3650,Data Structures - Vol 8,2026-01-19,2026-02-13,11
Diya Kulkarni,2023PE2930,Thermodynamics - Vol 7,2026-01-03,2026-01-24,7
Ishaan Das,2023PE8964,Thermodynamics - Vol 9,2026-01-21,2026-01-28,0
Diya Gupta,2022PE3282,Operating Systems - Vol 4,2026-03-15,2026-04-08,10
Tanvi Malhotra,2024PE8849,Thermodynamics - Vol 5,2026-03-08,2026-03-26,4
Myra Gupta,2024PE6447,Operating Systems - Vol 8,2026-01-20,2026-02-06,3
Aarav Joshi,2024PE1844,Data Structures - Vol 5,2026-03-08,2026-03-30,8
Arjun Mehta,2024PE3704,Microprocessors - Vol 3,2025-12-26,2026-01-15,6
Isha Kaur,2024PE2470,Data Structures - Vol 4,2026-01-15,2026-02-09,11
Arjun Yadav,2024PE4828,Operating Systems - Vol 3,2026-02-25,2026-03-04,0
Kiara Pandey,2023PE9905,Thermodynamics - Vol 10,2026-01-24,2026-02-09,2
Ishaan Das,2022PE8306,Engineering Math - Vol 7,2026-02-20,2026-02-28,0
Priya Das,2022PE4198,Data Structures - Vol 8,2026-03-16,2026-03-27,0
Aditya Verma,2023PE9725,Data Structures - Vol 6,2026-03-20,2026-04-14,11
Rahul Malhotra,2022PE3545,Microprocessors - Vol 4,2026-03-13,2026-04-06,10
Isha Kaur,2024PE2470,Data Structures - Vol 5,2026-03-14,2026-03-19,0
Rohan Mehta,2022PE3973,Operating Systems - Vol 10,2026-01-27,2026-02-04,0
Ananya Iyer,2023PE3448,Data Structures - Vol 1,2026-03-18,2026-03-28,0
Yash Singh,2023PE1031,Thermodynamics - Vol 3,2026-02-19,2026-03-01,0
Ananya Chauhan,2024PE2039,Engineering Math - Vol 5,2026-02-03,2026-02-26,9
Rahul Kulkarni,2022PE4749,Thermodynamics - Vol 4,2026-01-17,2026-01-23,0
Rahul Malhotra,2022PE3545,Thermodynamics - Vol 1,2026-03-12,2026-03-22,0
Yash Malhotra,2023PE4397,Data Structures - Vol 1,2026-02-13,2026-03-09,10
Aditya Mishra,2024PE2046,Operating Systems - Vol 5,2026-02-11,2026-03-05,8
Ananya Patil,2022PE7982,Data Structures - Vol 2,2026-03-09,2026-04-01,9
Diya Das,2024PE4587,Microprocessors - Vol 1,2026-01-02,2026-01-21,5
Kiara Singh,2024PE3563,Thermodynamics - Vol 4,2026-03-05,2026-03-21,2
Aryan Kulkarni,2023PE2067,Engineering Math - Vol 10,2026-01-27,2026-02-15,5
Anika Patil,2022PE1251,Thermodynamics - Vol 10,2026-03-15,2026-04-01,3
Yash Joshi,2022PE3895,Microprocessors - Vol 4,2026-01-12,2026-01-23,0
Sneha Kaur,2024PE2849,Microprocessors - Vol 9,2026-02-20,2026-03-17,11
Diya Joshi,2024PE6577,Operating Systems - Vol 3,2026-01-15,2026-01-24,0
Diya Kulkarni,2023PE2930,Thermodynamics - Vol 2,2026-01-04,2026-01-20,2
Yash Joshi,2022PE3895,Operating Systems - Vol 5,2026-02-19,2026-03-09,4
Myra Bose,2024PE4220,Operating Systems - Vol 1,2026-02-18,2026-03-11,7
Aarav Patil,2022PE2128,Data Structures - Vol 8,2026-02-02,2026-02-25,9
Aditya Das,2024PE9764,Thermodynamics - Vol 7,2026-02-19,2026-03-08,3
Kiara Reddy,2023PE8483,Microprocessors - Vol 9,2026-01-04,2026-01-23,5
Aarav Nair,2022PE3650,Engineering Math - Vol 2,2025-12-29,2026-01-03,0
Kiara Reddy,2023PE8483,Data Structures - Vol 4,2026-01-29,2026-02-09,0
Sanya Das,2024PE2858,Microprocessors - Vol 9,2026-01-16,2026-02-01,2
Isha Yadav,2023PE3859,Microprocessors - Vol 2,2026-03-03,2026-03-25,8
Aarav Sharma,2022PE4948,Microprocessors - Vol 6,2026-02-10,2026-03-01,5
Kiara Kaur,2022PE4816,Data Structures - Vol 4,2026-01-22,2026-01-31,0
Rohan Malhotra,2024PE6858,Operating Systems - Vol 5,2026-01-19,2026-01-28,0
Ishaan Mehta,2022PE8156,Engineering Math - Vol 9,2026-01-29,2026-02-21,9
Diya Joshi,2024PE6577,Engineering Math - Vol 4,2026-03-07,2026-03-23,2
Kiara Kulkarni,2022PE3677,Operating Systems - Vol 2,2026-03-17,2026-03-31,0
Kabir Patil,2022PE4513,Data Structures - Vol 6,2026-01-17,2026-02-04,4
Rahul Mehta,2022PE2125,Thermodynamics - Vol 5,2026-03-09,2026-03-29,6
Kabir Joshi,2024PE8234,Data Structures - Vol 5,2026-01-15,2026-01-25,0
Kiara Kaur,2022PE6860,Engineering Math - Vol 7,2026-01-17,2026-02-06,6
Anika Mishra,2024PE8255,Data Structures - Vol 1,2026-02-05,2026-02-15,0
Sneha Pandey,2023PE5546,Thermodynamics - Vol 10,2026-01-22,2026-02-15,10
Vihaan Gupta,2023PE8075,Engineering Math - Vol 4,2026-03-02,2026-03-17,1
Sneha Patil,2024PE8472,Engineering Math - Vol 8,2026-03-19,2026-03-25,0
Tanvi Joshi,2022PE3327,Thermodynamics - Vol 10,2026-03-13,2026-03-29,2
Sanya Malhotra,2023PE2160,Data Structures - Vol 3,2026-01-08,2026-01-25,3
Diya Das,2024PE4587,Engineering Math - Vol 9,2026-02-06,2026-02-23,3
Sneha Patil,2024PE8472,Thermodynamics - Vol 9,2026-01-09,2026-01-14,0
Vihaan Gupta,2024PE5287,Engineering Math - Vol 6,2026-01-19,2026-02-10,8
Myra Kaur,2022PE5539,Data Structures - Vol 4,2026-01-09,2026-01-19,0
Vihaan Mishra,2023PE9046,Microprocessors - Vol 2,2026-02-11,2026-03-08,11
Ishaan Das,2023PE8964,Engineering Math - Vol 9,2026-03-10,2026-03-27,3
Rahul Malhotra,2022PE3545,Thermodynamics - Vol 2,2026-03-01,2026-03-07,0
Aarav Chauhan,2023PE9294,Engineering Math - Vol 3,2026-01-13,2026-01-30,3
Sanya Mishra,2022PE3437,Operating Systems - Vol 3,2026-02-09,2026-02-18,0
Diya Iyer,2023PE7572,Microprocessors - Vol 6,2026-03-19,2026-04-11,9
Rohan Gupta,2023PE8697,Thermodynamics - Vol 10,2026-02-06,2026-02-25,5
Tanvi Kulkarni,2024PE2784,Engineering Math - Vol 4,2026-02-26,2026-03-10,0
Sneha Mehta,2023PE8855,Microprocessors - Vol 4,2026-02-10,2026-02-26,2
Yash Yadav,2024PE6649,Thermodynamics - Vol 3,2026-02-03,2026-02-21,4
Kiara Chauhan,2023PE7536,Thermodynamics - Vol 10,2026-01-26,2026-02-13,4
Kiara Mehta,2024PE7785,Data Structures - Vol 3,2026-01-13,2026-01-30,3
Diya Pandey,2023PE8001,Engineering Math - Vol 7,2026-02-19,2026-03-15,10
Sneha Bose,2022PE6207,Engineering Math - Vol 8,2026-03-01,2026-03-17,2
Aarav Reddy,2023PE1447,Engineering Math - Vol 8,2026-02-04,2026-02-14,0
Anika Pandey,2022PE4467,Engineering Math - Vol 10,2026-01-22,2026-02-06,1
Diya Reddy,2024PE2122,Microprocessors - Vol 3,2026-02-19,2026-03-02,0
Rohan Verma,2023PE6624,Engineering Math - Vol 7,2026-03-16,2026-03-27,0
Sanya Das,2024PE2858,Engineering Math - Vol 8,2026-01-16,2026-02-08,9
Aditya Deshmukh,2024PE4183,Operating Systems - Vol 1,2026-02-05,2026-02-11,0
Sanya Gupta,2024PE5531,Operating Systems - Vol 6,2026-03-04,2026-03-09,0
Kiara Mehta,2024PE7785,Operating Systems - Vol 5,2026-01-07,2026-01-23,2
Sneha Mehta,2023PE7260,Data Structures - Vol 4,2026-01-23,2026-02-16,10
Ishaan Pandey,2024PE9605,Operating Systems - Vol 8,2026-03-18,2026-03-29,0
Anika Reddy,2022PE3218,Microprocessors - Vol 3,2026-01-11,2026-01-28,3
Tanvi Malhotra,2024PE8849,Data Structures - Vol 8,2026-01-25,2026-02-08,0
Arjun Mishra,2024PE6503,Engineering Math - Vol 7,2026-01-23,2026-01-31,0
Ishaan Deshmukh,2023PE9980,Thermodynamics - Vol 1,2026-03-15,2026-04-04,6
Sanya Mishra,2022PE3437,Operating Systems - Vol 2,2026-02-07,2026-02-22,1
Yash Yadav,2024PE6649,Data Structures - Vol 6,2026-02-14,2026-03-01,1
Ananya Pandey,2024PE2583,Thermodynamics - Vol 10,2026-01-21,2026-02-12,8
Anika Patil,2024PE3655,Microprocessors - Vol 5,2026-01-15,2026-02-03,5
Kabir Joshi,2024PE8234,Microprocessors - Vol 3,2026-01-07,2026-01-15,0
Aarav Kulkarni,2023PE4942,Engineering Math - Vol 5,2026-03-13,2026-03-29,2
Ananya Kaur,2024PE5384,Data Structures - Vol 6,2026-03-12,2026-03-28,2
Aarav Reddy,2023PE1447,Microprocessors - Vol 3,2026-02-08,2026-02-25,3
Kiara Malhotra,2022PE2856,Data Structures - Vol 6,2026-01-21,2026-02-10,6
Vihaan Nair,2022PE8942,Operating Systems - Vol 3,2026-01-14,2026-02-05,8
Sneha Malhotra,2022PE1215,Thermodynamics - Vol 4,2026-02-17,2026-03-09,6
Isha Kaur,2024PE2470,Microprocessors - Vol 5,2026-03-09,2026-03-29,6
Priya Gupta,2022PE4606,Operating Systems - Vol 2,2026-03-03,2026-03-13,0
Kiara Iyer,2023PE2934,Operating Systems - Vol 8,2026-03-01,2026-03-12,0
Aryan Bose,2022PE3908,Operating Systems - Vol 4,2026-02-12,2026-02-23,0
Anika Patil,2024PE5591,Microprocessors - Vol 6,2026-02-13,2026-03-04,5
Ananya Reddy,2022PE1809,Engineering Math - Vol 2,2026-02-14,2026-02-20,0
Rahul Bose,2022PE6922,Operating Systems - Vol 9,2026-02-24,2026-03-21,11
Sanya Chauhan,2023PE5053,Data Structures - Vol 3,2026-02-26,2026-03-15,3
Diya Deshmukh,2022PE8510,Data Structures - Vol 8,2026-01-06,2026-01-17,0
Diya Pandey,2023PE8001,Data Structures - Vol 6,2026-02-09,2026-02-24,1
Ananya Patil,2022PE7982,Thermodynamics - Vol 5,2026-01-05,2026-01-24,5
Diya Kulkarni,2023PE2930,Data Structures - Vol 7,2026-03-04,2026-03-27,9
Ananya Patil,2022PE7982,Data Structures - Vol 1,2026-01-01,2026-01-13,0
Kiara Kaur,2022PE9378,Microprocessors - Vol 10,2026-01-21,2026-02-02,0
Tanvi Joshi,2022PE3327,Operating Systems - Vol 8,2026-02-24,2026-03-15,5
Aryan Kaur,2023PE2785,Thermodynamics - Vol 8,2026-01-22,2026-02-11,6
Kiara Pandey,2023PE9905,Thermodynamics - Vol 4,2026-02-06,2026-02-21,1
Sanya Das,2024PE2858,Data Structures - Vol 6,2025-12-27,2026-01-21,11
Anika Kaur,2024PE5238,Microprocessors - Vol 1,2026-03-18,2026-03-23,0
Tanvi Das,2022PE4783,Microprocessors - Vol 5,2026-01-22,2026-02-07,2
Rahul Iyer,2023PE5757,Engineering Math - Vol 7,2026-01-01,2026-01-14,0
Vihaan Patil,2022PE3772,Thermodynamics - Vol 3,2026-01-22,2026-02-01,0
Diya Verma,2022PE5753,Engineering Math - Vol 1,2026-01-28,2026-02-05,0
Kabir Singh,2024PE8039,Data Structures - Vol 4,2026-02-04,2026-02-18,0
Anika Verma,2022PE7411,Operating Systems - Vol 1,2026-03-07,2026-03-24,3
Aryan Bose,2022PE3908,Operating Systems - Vol 7,2026-03-15,2026-04-04,6
Aryan Nair,2023PE6719,Engineering Math - Vol 1,2026-01-23,2026-02-09,3
Sneha Mehta,2023PE8855,Operating Systems - Vol 6,2026-02-24,2026-03-17,7
Myra Malhotra,2022PE3617,Operating Systems - Vol 8,2026-02-23,2026-03-04,0
Isha Bose,2024PE8575,Microprocessors - Vol 2,2026-02-05,2026-02-16,0
Myra Kaur,2022PE5539,Thermodynamics - Vol 2,2026-02-06,2026-02-11,0
Anika Kaur,2024PE5238,Data Structures - Vol 4,2025-12-27,2026-01-11,1
Vihaan Mishra,2023PE9046,Engineering Math - Vol 8,2026-03-14,2026-04-01,4
Rohan Nair,2022PE1194,Data Structures - Vol 6,2026-01-22,2026-02-16,11
Sneha Deshmukh,2023PE4489,Operating Systems - Vol 6,2026-02-20,2026-03-01,0
Rohan Mehta,2022PE3973,Thermodynamics - Vol 9,2026-03-21,2026-04-13,9
Kabir Nair,2024PE4645,Data Structures - Vol 6,2026-01-03,2026-01-17,0
Myra Bose,2024PE4220,Microprocessors - Vol 3,2026-02-05,2026-02-24,5
Aryan Das,2024PE3462,Engineering Math - Vol 9,2026-01-23,2026-01-31,0
Sanya Joshi,2023PE4755,Operating Systems - Vol 10,2025-12-26,2026-01-04,0
Isha Chauhan,2023PE9153,Thermodynamics - Vol 8,2026-01-03,2026-01-09,0
Rohan Bose,2023PE2115,Engineering Math - Vol 5,2026-03-08,2026-03-31,9
Vihaan Pandey,2024PE1900,Engineering Math - Vol 4,2026-02-05,2026-02-10,0
Sneha Mehta,2023PE7260,Operating Systems - Vol 4,2026-03-06,2026-03-27,7
Ananya Pandey,2024PE2583,Engineering Math - Vol 1,2026-02-12,2026-03-03,5
Anika Pandey,2022PE4467,Thermodynamics - Vol 8,2026-01-05,2026-01-17,0
Kabir Nair,2024PE4645,Operating Systems - Vol 10,2026-02-17,2026-03-10,7
Rahul Kulkarni,2022PE4749,Engineering Math - Vol 5,2026-03-01,2026-03-14,0
Aarav Reddy,2023PE1447,Microprocessors - Vol 1,2026-01-24,2026-02-14,7
Kiara Bose,2023PE3180,Engineering Math - Vol 8,2026-03-14,2026-04-05,8
Anika Mishra,2024PE8255,Thermodynamics - Vol 3,2026-02-10,2026-02-22,0
Ishaan Deshmukh,2024PE2152,Engineering Math - Vol 4,2026-01-17,2026-02-07,7
Ananya Pandey,2023PE9373,Data Structures - Vol 7,2026-02-04,2026-02-09,0
Yash Mishra,2022PE3342,Operating Systems - Vol 10,2026-02-04,2026-02-09,0
Yash Malhotra,2023PE4397,Engineering Math - Vol 2,2026-02-24,2026-03-21,11
Kabir Mehta,2022PE6088,Thermodynamics - Vol 1,2026-01-28,2026-02-03,0
Anika Gupta,2022PE7392,Microprocessors - Vol 3,2026-02-15,2026-02-27,0
Aryan Bose,2022PE3908,Operating Systems - Vol 3,2026-02-16,2026-02-21,0
Kabir Patil,2022PE4513,Operating Systems - Vol 10,2026-02-14,2026-02-24,0
Kabir Sharma,2024PE2949,Microprocessors - Vol 2,2026-01-07,2026-01-23,2
Sanya Chauhan,2023PE5053,Microprocessors - Vol 4,2026-01-02,2026-01-27,11
Aditya Das,2024PE9764,Data Structures - Vol 4,2026-02-08,2026-02-16,0
Kiara Singh,2024PE3187,Operating Systems - Vol 4,2026-02-05,2026-02-13,0
Rahul Reddy,2023PE3104,Microprocessors - Vol 5,2026-01-26,2026-02-16,7
Sanya Das,2024PE2858,Thermodynamics - Vol 7,2026-01-02,2026-01-26,10
Ishaan Deshmukh,2023PE9980,Operating Systems - Vol 6,2026-02-20,2026-03-04,0
Isha Chauhan,2023PE1534,Operating Systems - Vol 5,2026-01-16,2026-02-06,7
Rahul Bose,2022PE6922,Operating Systems - Vol 5,2026-02-28,2026-03-15,1
Anika Pandey,2022PE4467,Operating Systems - Vol 3,2026-02-14,2026-03-09,9
Anika Kaur,2024PE5238,Thermodynamics - Vol 1,2026-03-10,2026-03-26,2
Vihaan Yadav,2023PE6453,Data Structures - Vol 3,2026-01-10,2026-01-20,0
Isha Verma,2023PE5839,Operating Systems - Vol 2,2026-02-22,2026-03-18,10
Priya Gupta,2022PE8718,Microprocessors - Vol 3,2026-02-20,2026-03-15,9
Rohan Kaur,2024PE3548,Operating Systems - Vol 4,2026-02-16,2026-02-28,0
Kabir Patil,2024PE1544,Data Structures - Vol 9,2025-12-31,2026-01-25,11
Rohan Reddy,2023PE9439,Microprocessors - Vol 9,2026-02-21,2026-03-14,7
Arjun Mishra,2024PE6503,Microprocessors - Vol 6,2026-01-01,2026-01-07,0
Tanvi Kaur,2022PE5340,Engineering Math - Vol 5,2026-02-19,2026-03-10,5
Myra Mehta,2023PE6238,Data Structures - Vol 5,2026-03-13,2026-03-30,3
Isha Bose,2024PE6837,Data Structures - Vol 7,2026-01-22,2026-02-03,0
Kabir Chauhan,2022PE3612,Microprocessors - Vol 10,2026-01-29,2026-02-12,0
Kabir Sharma,2024PE2949,Thermodynamics - Vol 3,2026-01-15,2026-01-21,0
Rahul Iyer,2023PE5757,Data Structures - Vol 4,2026-02-15,2026-02-25,0
Aarav Joshi,2024PE1844,Thermodynamics - Vol 8,2026-02-14,2026-03-04,4
Anika Chauhan,2024PE6059,Data Structures - Vol 2,2026-02-06,2026-02-18,0
Sanya Sharma,2022PE9221,Operating Systems - Vol 1,2026-03-09,2026-03-22,0
Anika Patil,2024PE3655,Thermodynamics - Vol 9,2025-12-30,2026-01-07,0
Vihaan Patil,2022PE3772,Operating Systems - Vol 7,2026-02-17,2026-03-01,0
Priya Bose,2024PE9488,Thermodynamics - Vol 10,2026-03-18,2026-03-28,0
Sneha Kaur,2024PE2849,Thermodynamics - Vol 6,2026-01-28,2026-02-06,0
Ananya Nair,2023PE1280,Operating Systems - Vol 9,2026-02-01,2026-02-24,9
Sanya Sharma,2023PE2220,Thermodynamics - Vol 7,2026-01-12,2026-01-19,0
Arjun Pandey,2024PE7032,Operating Systems - Vol 7,2026-03-12,2026-03-19,0
Yash Patil,2024PE5208,Data Structures - Vol 5,2025-12-26,2026-01-12,3
Kabir Joshi,2022PE2650,Data Structures - Vol 7,2026-03-01,2026-03-09,0
Vihaan Yadav,2023PE6453,Operating Systems - Vol 2,2026-01-15,2026-01-27,0
Rohan Mehta,2022PE3973,Microprocessors - Vol 6,2026-02-23,2026-03-05,0
Ishaan Das,2023PE8964,Engineering Math - Vol 10,2026-03-19,2026-04-13,11
Isha Kaur,2023PE4750,Thermodynamics - Vol 7,2026-01-16,2026-02-04,5
Rohan Gupta,2023PE8697,Thermodynamics - Vol 7,2026-01-19,2026-01-27,0
Arjun Pandey,2024PE7032,Data Structures - Vol 10,2026-01-21,2026-02-05,1
Rahul Mishra,2023PE5238,Operating Systems - Vol 10,2026-02-19,2026-03-12,7
Ishaan Das,2022PE8306,Operating Systems - Vol 5,2026-02-20,2026-03-14,8
Rahul Chauhan,2022PE8535,Engineering Math - Vol 8,2026-02-25,2026-03-21,10
Yash Das,2024PE5945,Operating Systems - Vol 8,2026-01-05,2026-01-19,0
Sneha Sharma,2023PE8815,Engineering Math - Vol 3,2026-02-16,2026-03-12,10
Sanya Deshmukh,2023PE5746,Data Structures - Vol 1,2026-02-08,2026-02-13,0
Ishaan Singh,2024PE2058,Data Structures - Vol 2,2026-01-09,2026-01-23,0
Aarav Kulkarni,2022PE5319,Data Structures - Vol 5,2026-02-17,2026-02-28,0
Kiara Malhotra,2022PE2856,Microprocessors - Vol 7,2026-01-18,2026-02-11,10
Aarav Nair,2024PE4443,Engineering Math - Vol 9,2026-03-11,2026-03-29,4
Kiara Reddy,2023PE8483,Operating Systems - Vol 8,2026-02-07,2026-03-04,11
Sneha Kaur,2024PE9451,Microprocessors - Vol 6,2026-01-09,2026-01-15,0
Priya Malhotra,2024PE9478,Thermodynamics - Vol 7,2026-01-14,2026-02-03,6
Isha Gupta,2022PE4634,Engineering Math - Vol 9,2026-02-22,2026-03-14,6
Ananya Iyer,2022PE7629,Engineering Math - Vol 5,2026-03-06,2026-03-27,7
Diya Verma,2022PE5753,Thermodynamics - Vol 2,2026-02-07,2026-02-18,0
Kiara Pandey,2022PE4880,Microprocessors - Vol 4,2026-02-01,2026-02-21,6
Diya Gupta,2022PE3282,Microprocessors - Vol 1,2026-01-27,2026-02-12,2
Diya Das,2024PE4587,Microprocessors - Vol 8,2026-03-19,2026-03-25,0
Diya Deshmukh,2022PE8510,Operating Systems - Vol 10,2026-02-22,2026-03-06,0
Ananya Reddy,2022PE1809,Operating Systems - Vol 8,2026-03-05,2026-03-26,7
Anika Joshi,2022PE2460,Engineering Math - Vol 1,2026-01-12,2026-01-21,0
Sneha Pandey,2022PE5238,Data Structures - Vol 8,2026-03-16,2026-04-10,11
Diya Joshi,2022PE3680,Operating Systems - Vol 8,2026-03-10,2026-03-29,5
Aryan Malhotra,2023PE2476,Operating Systems - Vol 7,2026-01-16,2026-02-01,2
Rahul Pandey,2024PE8144,Operating Systems - Vol 2,2026-01-23,2026-02-09,3
Sneha Mehta,2023PE8855,Microprocessors - Vol 5,2026-02-02,2026-02-26,10
Rohan Nair,2022PE1194,Engineering Math - Vol 6,2026-03-07,2026-03-26,5
Ananya Pandey,2024PE2583,Data Structures - Vol 2,2026-02-14,2026-03-09,9
Ishaan Iyer,2022PE9375,Engineering Math - Vol 8,2025-12-28,2026-01-14,3
Aditya Gupta,2022PE6450,Engineering Math - Vol 9,2026-03-11,2026-03-18,0
Aditya Malhotra,2024PE8709,Data Structures - Vol 4,2026-03-14,2026-03-25,0
Vihaan Joshi,2022PE1814,Microprocessors - Vol 4,2026-02-19,2026-03-07,2
Isha Das,2022PE6717,Data Structures - Vol 9,2026-02-03,2026-02-10,0
Ananya Reddy,2024PE4547,Data Structures - Vol 6,2026-02-11,2026-03-02,5
Anika Sharma,2022PE2652,Engineering Math - Vol 5,2026-03-20,2026-03-29,0
Rohan Nair,2022PE1194,Microprocessors - Vol 3,2026-01-23,2026-01-29,0
Rahul Reddy,2023PE3104,Operating Systems - Vol 2,2026-02-21,2026-03-02,0
Yash Deshmukh,2022PE8185,Microprocessors - Vol 9,2026-01-01,2026-01-21,6
Isha Yadav,2023PE3859,Microprocessors - Vol 3,2026-01-31,2026-02-08,0
Aditya Kulkarni,2023PE3937,Engineering Math - Vol 7,2026-03-02,2026-03-13,0
Ananya Nair,2023PE1280,Microprocessors - Vol 9,2026-02-28,2026-03-08,0
Aryan Kaur,2023PE2785,Thermodynamics - Vol 8,2026-02-19,2026-03-01,0
Vihaan Yadav,2023PE6453,Engineering Math - Vol 5,2026-01-14,2026-01-24,0
Isha Kulkarni,2022PE1782,Microprocessors - Vol 9,2025-12-27,2026-01-21,11
Sneha Patil,2024PE8472,Operating Systems - Vol 4,2026-01-09,2026-01-20,0
Ishaan Deshmukh,2024PE2152,Engineering Math - Vol 6,2026-02-08,2026-03-01,7
Diya Deshmukh,2023PE4775,Microprocessors - Vol 3,2026-01-25,2026-02-01,0
Aarav Kulkarni,2022PE4058,Thermodynamics - Vol 7,2025-12-30,2026-01-15,2
Kiara Reddy,2023PE8483,Data Structures - Vol 3,2026-03-20,2026-04-02,0
Aryan Mishra,2023PE8532,Engineering Math - Vol 8,2026-02-23,2026-03-01,0
Sneha Deshmukh,2023PE4489,Operating Systems - Vol 2,2026-03-21,2026-03-26,0
Kabir Kulkarni,2023PE3977,Operating Systems - Vol 3,2026-01-29,2026-02-03,0
Priya Verma,2023PE4540,Data Structures - Vol 10,2026-02-16,2026-02-28,0
Aarav Bose,2023PE2504,Operating Systems - Vol 10,2026-02-10,2026-03-07,11
Rohan Kaur,2024PE2787,Microprocessors - Vol 6,2026-03-21,2026-04-05,1
Kabir Gupta,2022PE9868,Thermodynamics - Vol 10,2026-01-26,2026-02-03,0
Ishaan Pandey,2024PE9605,Microprocessors - Vol 3,2025-12-31,2026-01-07,0
Aarav Nair,2024PE4443,Operating Systems - Vol 8,2026-01-02,2026-01-24,8
Ishaan Das,2023PE8964,Data Structures - Vol 6,2026-03-03,2026-03-24,7
Kiara Bose,2023PE3180,Microprocessors - Vol 5,2026-03-14,2026-04-04,7
Ishaan Das,2022PE8306,Operating Systems - Vol 6,2026-01-01,2026-01-24,9
Kiara Reddy,2023PE8483,Data Structures - Vol 6,2026-01-19,2026-02-02,0
Sneha Malhotra,2022PE1215,Operating Systems - Vol 10,2026-01-16,2026-01-30,0
Kiara Nair,2022PE4158,Microprocessors - Vol 6,2026-02-09,2026-02-22,0
Ananya Iyer,2022PE7629,Operating Systems - Vol 3,2026-01-05,2026-01-18,0
Vihaan Pandey,2024PE1900,Operating Systems - Vol 10,2026-03-17,2026-04-11,11
Rohan Nair,2022PE1194,Engineering Math - Vol 7,2026-02-23,2026-03-05,0
Vihaan Gupta,2024PE5287,Engineering Math - Vol 8,2026-02-11,2026-03-07,10
Rahul Mishra,2023PE5238,Microprocessors - Vol 4,2026-03-10,2026-03-23,0
Rahul Mehta,2022PE2125,Data Structures - Vol 6,2026-01-13,2026-02-06,10
Rohan Bose,2023PE2115,Engineering Math - Vol 2,2026-01-03,2026-01-11,0
Aryan Bose,2022PE3908,Microprocessors - Vol 7,2026-01-08,2026-01-18,0
Sanya Bose,2022PE9910,Operating Systems - Vol 9,2026-01-23,2026-02-11,5
Anika Gupta,2022PE7392,Engineering Math - Vol 3,2026-03-02,2026-03-23,7
Aarav Pandey,2024PE3760,Microprocessors - Vol 5,2026-02-05,2026-02-21,2
Aditya Kulkarni,2023PE3937,Operating Systems - Vol 4,2026-02-04,2026-02-21,3
Kiara Pandey,2023PE9905,Data Structures - Vol 8,2026-01-26,2026-02-04,0
Diya Reddy,2024PE2122,Microprocessors - Vol 4,2026-02-01,2026-02-12,0
Aryan Kulkarni,2023PE2067,Thermodynamics - Vol 8,2026-01-11,2026-01-31,6
Yash Joshi,2022PE3895,Data Structures - Vol 10,2026-03-05,2026-03-17,0
Isha Das,2022PE3918,Data Structures - Vol 9,2026-02-10,2026-02-16,0
Diya Gupta,2022PE9314,Operating Systems - Vol 6,2026-03-10,2026-03-20,0
Kiara Gupta,2022PE6743,Thermodynamics - Vol 10,2026-03-02,2026-03-22,6
Kabir Patil,2022PE4513,Engineering Math - Vol 2,2026-01-08,2026-01-17,0
Aditya Yadav,2024PE5800,Operating Systems - Vol 1,2026-01-27,2026-02-16,6
Sneha Patil,2024PE8472,Engineering Math - Vol 8,2026-02-19,2026-03-16,11
Isha Malhotra,2023PE2603,Thermodynamics - Vol 5,2026-01-11,2026-02-04,10
Vihaan Joshi,2022PE1814,Thermodynamics - Vol 5,2026-03-17,2026-03-31,0
Myra Reddy,2023PE3979,Microprocessors - Vol 9,2026-01-23,2026-02-08,2
Rohan Sharma,2022PE4156,Thermodynamics - Vol 4,2026-02-23,2026-03-13,4
Isha Verma,2023PE5839,Thermodynamics - Vol 2,2026-01-06,2026-01-19,0
Kiara Iyer,2023PE2934,Thermodynamics - Vol 1,2026-03-12,2026-03-20,0
Yash Singh,2023PE1031,Engineering Math - Vol 7,2026-01-22,2026-02-03,0
Kiara Pandey,2023PE7818,Engineering Math - Vol 9,2026-02-21,2026-03-03,0
Aarav Pandey,2024PE3760,Microprocessors - Vol 1,2026-01-22,2026-02-02,0
Ananya Reddy,2024PE4547,Engineering Math - Vol 5,2025-12-30,2026-01-13,0
Anika Patil,2024PE3655,Engineering Math - Vol 6,2026-01-25,2026-02-02,0
Sneha Deshmukh,2023PE4489,Microprocessors - Vol 2,2026-01-02,2026-01-17,1
Kabir Kulkarni,2023PE3977,Data Structures - Vol 1,2026-02-09,2026-03-05,10
Tanvi Iyer,2022PE1044,Thermodynamics - Vol 8,2026-02-19,2026-03-09,4
Aryan Kaur,2023PE2785,Thermodynamics - Vol 8,2026-02-01,2026-02-19,4
Diya Mishra,2022PE8106,Data Structures - Vol 4,2026-03-06,2026-03-13,0
Anika Gupta,2023PE2368,Thermodynamics - Vol 6,2025-12-30,2026-01-23,10
Aryan Kaur,2023PE2899,Microprocessors - Vol 7,2026-01-17,2026-01-24,0
Anika Patil,2024PE5591,Data Structures - Vol 6,2026-01-02,2026-01-16,0
Aditya Yadav,2024PE2679,Engineering Math - Vol 7,2025-12-28,2026-01-05,0
Myra Deshmukh,2024PE1429,Microprocessors - Vol 5,2026-01-05,2026-01-15,0
Sanya Patil,2022PE1080,Engineering Math - Vol 8,2026-02-09,2026-02-28,5
Myra Bose,2024PE4220,Operating Systems - Vol 3,2026-02-04,2026-02-16,0
Aditya Deshmukh,2024PE4183,Data Structures - Vol 10,2026-02-12,2026-03-07,9
Yash Kaur,2023PE6526,Data Structures - Vol 3,2026-03-13,2026-04-01,5
Rohan Sharma,2023PE4338,Microprocessors - Vol 5,2026-02-15,2026-02-23,0
Yash Nair,2022PE9851,Data Structures - Vol 6,2026-01-16,2026-02-08,9
Arjun Mehta,2024PE3704,Operating Systems - Vol 5,2026-01-20,2026-01-28,0
Yash Kaur,2023PE6526,Engineering Math - Vol 9,2026-01-23,2026-02-02,0
Sneha Patil,2024PE8472,Microprocessors - Vol 5,2026-02-23,2026-03-19,10
Ananya Nair,2023PE5198,Data Structures - Vol 6,2026-01-28,2026-02-16,5
Rohan Bose,2023PE2115,Data Structures - Vol 6,2026-01-17,2026-01-26,0
Ishaan Nair,2022PE4128,Microprocessors - Vol 7,2026-01-19,2026-01-25,0
Diya Joshi,2022PE3680,Thermodynamics - Vol 7,2026-03-04,2026-03-16,0
Kiara Pandey,2022PE4880,Thermodynamics - Vol 8,2026-02-01,2026-02-24,9
Anika Nair,2022PE4086,Thermodynamics - Vol 8,2026-01-10,2026-01-21,0
Ananya Chauhan,2024PE2039,Operating Systems - Vol 4,2026-01-12,2026-02-02,7
Kabir Patil,2024PE1544,Data Structures - Vol 4,2026-01-01,2026-01-24,9
Ananya Nair,2024PE8610,Engineering Math - Vol 8,2026-01-13,2026-01-29,2
Diya Deshmukh,2023PE4775,Data Structures - Vol 7,2026-03-08,2026-03-29,7
Ananya Reddy,2024PE4547,Thermodynamics - Vol 8,2026-01-10,2026-01-15,0
Vihaan Kulkarni,2022PE6515,Microprocessors - Vol 10,2026-02-13,2026-02-22,0
Ananya Pandey,2023PE9373,Microprocessors - Vol 5,2026-02-10,2026-02-16,0
Sanya Joshi,2023PE4755,Operating Systems - Vol 8,2026-02-10,2026-02-17,0
Sanya Bose,2022PE9910,Operating Systems - Vol 1,2026-02-19,2026-03-16,11
Kabir Singh,2024PE8039,Thermodynamics - Vol 4,2026-02-17,2026-03-11,8
Yash Yadav,2024PE6649,Thermodynamics - Vol 7,2026-02-18,2026-03-13,9
Arjun Pandey,2023PE7937,Data Structures - Vol 4,2026-02-01,2026-02-09,0
Arjun Mehta,2024PE3704,Operating Systems - Vol 5,2026-03-20,2026-04-02,0
Vihaan Kulkarni,2023PE5298,Thermodynamics - Vol 5,2026-02-09,2026-02-23,0
Ananya Kaur,2022PE6806,Thermodynamics - Vol 4,2026-02-14,2026-02-20,0
Vihaan Reddy,2022PE1945,Operating Systems - Vol 8,2026-03-17,2026-04-09,9
Sneha Verma,2022PE5578,Thermodynamics - Vol 3,2026-02-16,2026-03-02,0
Priya Malhotra,2023PE7621,Microprocessors - Vol 7,2026-02-20,2026-02-28,0
Vihaan Singh,2023PE3729,Microprocessors - Vol 7,2026-03-04,2026-03-12,0
Sanya Sharma,2022PE9221,Data Structures - Vol 7,2026-03-05,2026-03-29,10
Rohan Kaur,2023PE1507,Microprocessors - Vol 2,2026-03-03,2026-03-12,0
Myra Pandey,2024PE7269,Data Structures - Vol 5,2025-12-27,2026-01-08,0
Ananya Nair,2023PE1280,Thermodynamics - Vol 7,2026-02-27,2026-03-10,0
Diya Deshmukh,2022PE8510,Thermodynamics - Vol 10,2026-02-03,2026-02-08,0
Aditya Joshi,2024PE4021,Engineering Math - Vol 6,2026-02-18,2026-03-11,7
Rahul Patil,2024PE2879,Engineering Math - Vol 4,2026-02-02,2026-02-07,0
Isha Gupta,2022PE1587,Operating Systems - Vol 10,2026-02-06,2026-02-27,7
Diya Verma,2022PE5753,Data Structures - Vol 3,2026-01-12,2026-02-03,8
Isha Yadav,2023PE3859,Operating Systems - Vol 5,2026-02-28,2026-03-18,4
Tanvi Kulkarni,2023PE2625,Thermodynamics - Vol 7,2026-03-03,2026-03-26,9
Diya Das,2023PE9278,Data Structures - Vol 3,2026-03-01,2026-03-17,2
Yash Mishra,2023PE6758,Operating Systems - Vol 4,2026-01-25,2026-02-15,7
Isha Chauhan,2023PE9153,Operating Systems - Vol 8,2026-03-06,2026-03-22,2
Yash Joshi,2023PE5796,Operating Systems - Vol 2,2026-03-11,2026-03-19,0
Ishaan Verma,2022PE5574,Engineering Math - Vol 3,2026-03-18,2026-03-29,0
Rohan Verma,2023PE6624,Thermodynamics - Vol 6,2026-03-21,2026-04-15,11
Kiara Nair,2022PE4158,Operating Systems - Vol 9,2026-02-18,2026-03-04,0
Rohan Sharma,2022PE4156,Operating Systems - Vol 2,2026-01-23,2026-02-05,0
Rohan Sharma,2022PE4156,Operating Systems - Vol 3,2026-01-30,2026-02-05,0
Rohan Malhotra,2024PE6858,Operating Systems - Vol 10,2026-02-11,2026-02-21,0
Anika Chauhan,2024PE6059,Operating Systems - Vol 2,2026-02-23,2026-03-20,11
Priya Das,2022PE4198,Thermodynamics - Vol 8,2026-03-18,2026-04-01,0
Diya Kulkarni,2024PE8359,Engineering Math - Vol 2,2026-03-08,2026-03-27,5
Rohan Bose,2023PE2115,Engineering Math - Vol 3,2026-02-02,2026-02-18,2
Ishaan Iyer,2022PE9375,Thermodynamics - Vol 1,2026-01-15,2026-01-29,0
Aryan Bose,2022PE3908,Operating Systems - Vol 2,2026-01-04,2026-01-11,0
Myra Deshmukh,2024PE1429,Microprocessors - Vol 7,2026-03-15,2026-04-09,11
Diya Kulkarni,2023PE2930,Microprocessors - Vol 8,2026-01-07,2026-01-23,2
Sneha Sharma,2023PE8815,Microprocessors - Vol 5,2026-01-20,2026-01-27,0
Isha Kaur,2023PE4750,Operating Systems - Vol 9,2026-01-15,2026-01-22,0
Aditya Gupta,2022PE6450,Data Structures - Vol 8,2026-01-12,2026-02-05,10
Myra Kaur,2022PE5539,Engineering Math - Vol 7,2025-12-27,2026-01-13,3
Ishaan Pandey,2024PE9605,Thermodynamics - Vol 8,2026-01-12,2026-01-27,1
Sneha Pandey,2022PE5238,Data Structures - Vol 4,2026-02-19,2026-03-04,0
Sneha Das,2023PE8959,Thermodynamics - Vol 7,2026-03-14,2026-03-25,0
Sneha Malhotra,2022PE1215,Operating Systems - Vol 5,2026-03-15,2026-03-26,0
Tanvi Joshi,2022PE3327,Operating Systems - Vol 2,2026-01-28,2026-02-10,0
Anika Joshi,2024PE8638,Thermodynamics - Vol 4,2026-02-08,2026-02-19,0
Kiara Iyer,2023PE2934,Thermodynamics - Vol 7,2026-01-27,2026-02-02,0
Rohan Mehta,2022PE3973,Operating Systems - Vol 5,2026-02-14,2026-02-21,0
Kabir Gupta,2022PE9868,Engineering Math - Vol 10,2026-02-04,2026-02-11,0
Rohan Chauhan,2022PE4043,Thermodynamics - Vol 5,2026-01-31,2026-02-15,1
Vihaan Kulkarni,2023PE5298,Engineering Math - Vol 8,2026-01-20,2026-02-07,4
Anika Joshi,2022PE2460,Operating Systems - Vol 5,2026-02-13,2026-03-03,4
Anika Gupta,2022PE7392,Operating Systems - Vol 1,2025-12-31,2026-01-23,9
Rahul Bose,2022PE6922,Operating Systems - Vol 8,2026-01-10,2026-01-19,0
Aryan Kaur,2023PE2899,Operating Systems - Vol 8,2026-03-14,2026-03-25,0
Diya Kulkarni,2023PE2930,Operating Systems - Vol 6,2026-02-19,2026-03-15,10
Rohan Kaur,2024PE2787,Operating Systems - Vol 10,2026-03-02,2026-03-22,6
Aditya Das,2023PE2917,Data Structures - Vol 7,2026-02-02,2026-02-15,0
Anika Nair,2022PE4086,Operating Systems - Vol 8,2026-02-19,2026-03-14,9
Aarav Kulkarni,2022PE5319,Thermodynamics - Vol 1,2026-02-16,2026-02-24,0
Rohan Patil,2023PE2001,Operating Systems - Vol 5,2026-01-08,2026-01-18,0
Tanvi Verma,2022PE9180,Thermodynamics - Vol 5,2025-12-28,2026-01-14,3
Sneha Malhotra,2022PE1215,Microprocessors - Vol 3,2026-02-02,2026-02-22,6
Vihaan Reddy,2023PE2516,Microprocessors - Vol 5,2026-02-26,2026-03-20,8
Kiara Pandey,2023PE9905,Engineering Math - Vol 10,2026-03-04,2026-03-13,0
Kiara Pandey,2022PE4880,Microprocessors - Vol 4,2026-03-04,2026-03-12,0
Tanvi Kulkarni,2023PE2625,Microprocessors - Vol 6,2026-03-09,2026-03-17,0
Ishaan Mehta,2022PE8156,Microprocessors - Vol 7,2026-01-24,2026-01-29,0
Diya Joshi,2022PE3680,Data Structures - Vol 8,2026-02-01,2026-02-19,4
Sneha Deshmukh,2023PE4489,Engineering Math - Vol 2,2026-02-08,2026-03-02,8
Ananya Iyer,2023PE3448,Engineering Math - Vol 5,2026-02-16,2026-02-28,0
Anika Joshi,2022PE2460,Engineering Math - Vol 10,2026-03-21,2026-04-09,5
Myra Patil,2023PE9644,Operating Systems - Vol 10,2026-02-23,2026-03-02,0
Anika Verma,2022PE7411,Thermodynamics - Vol 7,2026-02-14,2026-03-03,3
Ananya Nair,2023PE1280,Operating Systems - Vol 2,2026-03-17,2026-03-22,0
Sneha Bose,2022PE6207,Operating Systems - Vol 10,2026-02-24,2026-03-17,7
Diya Mishra,2022PE8106,Operating Systems - Vol 7,2026-01-12,2026-01-30,4
Kabir Mehta,2022PE6088,Operating Systems - Vol 9,2026-02-04,2026-02-26,8
Aditya Malhotra,2024PE8709,Data Structures - Vol 5,2026-01-13,2026-01-27,0
Kiara Nair,2022PE4158,Thermodynamics - Vol 4,2026-02-23,2026-03-18,9
Vihaan Reddy,2023PE2516,Engineering Math - Vol 2,2026-02-11,2026-03-06,9
Anika Mishra,2024PE8255,Microprocessors - Vol 9,2026-01-03,2026-01-23,6
Rahul Iyer,2023PE5757,Data Structures - Vol 4,2026-01-02,2026-01-21,5
Vihaan Yadav,2023PE6453,Data Structures - Vol 7,2026-01-14,2026-01-25,0
Rahul Patil,2024PE2879,Microprocessors - Vol 5,2025-12-30,2026-01-06,0
Ananya Reddy,2024PE4547,Engineering Math - Vol 1,2026-02-23,2026-03-03,0
Isha Bose,2024PE6837,Operating Systems - Vol 10,2026-01-24,2026-02-18,11
Aditya Kulkarni,2023PE3937,Engineering Math - Vol 4,2026-01-11,2026-01-26,1
Myra Bose,2024PE4220,Microprocessors - Vol 8,2026-02-12,2026-02-22,0
Ananya Iyer,2023PE3448,Microprocessors - Vol 2,2026-01-12,2026-01-18,0
Aryan Mishra,2024PE3169,Microprocessors - Vol 1,2026-02-17,2026-02-24,0
Ishaan Iyer,2022PE9375,Microprocessors - Vol 4,2026-02-04,2026-02-14,0
Diya Singh,2024PE1541,Engineering Math - Vol 9,2026-01-06,2026-01-30,10
Yash Deshmukh,2022PE8185,Operating Systems - Vol 5,2026-01-24,2026-02-10,3
Ananya Kaur,2023PE2337,Data Structures - Vol 6,2026-03-21,2026-03-30,0
Rahul Pandey,2024PE8144,Microprocessors - Vol 9,2026-01-05,2026-01-20,1
Myra Mishra,2022PE8496,Data Structures - Vol 1,2026-02-28,2026-03-21,7
Aditya Gupta,2022PE6450,Engineering Math - Vol 5,2026-01-07,2026-01-26,5
Rohan Patil,2023PE6283,Operating Systems - Vol 7,2026-02-17,2026-03-12,9
Yash Yadav,2024PE6649,Microprocessors - Vol 7,2026-02-22,2026-02-28,0
Isha Verma,2023PE5839,Operating Systems - Vol 3,2026-01-22,2026-02-13,8
Yash Das,2024PE5945,Thermodynamics - Vol 9,2026-01-27,2026-02-20,10
Rahul Reddy,2023PE3104,Operating Systems - Vol 2,2026-02-17,2026-03-06,3
Kiara Reddy,2023PE8483,Thermodynamics - Vol 4,2026-02-17,2026-02-25,0
Diya Mishra,2022PE8106,Thermodynamics - Vol 2,2026-03-04,2026-03-23,5
Vihaan Gupta,2023PE8075,Microprocessors - Vol 2,2026-03-07,2026-03-20,0
Rahul Patil,2024PE2879,Operating Systems - Vol 2,2026-02-02,2026-02-21,5
Isha Malhotra,2023PE2603,Engineering Math - Vol 5,2026-02-28,2026-03-18,4
Kiara Iyer,2022PE1727,Microprocessors - Vol 6,2025-12-30,2026-01-09,0
Ishaan Das,2023PE8964,Thermodynamics - Vol 2,2026-03-03,2026-03-28,11
Vihaan Patil,2022PE3772,Engineering Math - Vol 7,2026-01-10,2026-01-26,2
Diya Verma,2022PE5753,Microprocessors - Vol 9,2026-01-09,2026-01-20,0
Arjun Kaur,2024PE9181,Engineering Math - Vol 3,2026-03-12,2026-04-04,9
Kiara Kaur,2022PE4816,Thermodynamics - Vol 10,2026-02-17,2026-03-08,5
Kiara Iyer,2022PE1727,Operating Systems - Vol 1,2026-01-17,2026-01-24,0
Diya Singh,2024PE1541,Engineering Math - Vol 10,2026-03-07,2026-03-27,6
Rohan Chauhan,2022PE4043,Engineering Math - Vol 7,2025-12-30,2026-01-14,1
Isha Chauhan,2023PE1534,Data Structures - Vol 7,2025-12-31,2026-01-08,0
Kiara Pandey,2023PE7818,Microprocessors - Vol 3,2026-03-10,2026-03-26,2
Arjun Pandey,2024PE7032,Operating Systems - Vol 1,2026-02-19,2026-03-15,10
Ishaan Iyer,2022PE9375,Microprocessors - Vol 6,2026-02-10,2026-03-05,9
Kiara Kaur,2022PE6860,Operating Systems - Vol 4,2026-03-07,2026-03-29,8
Anika Deshmukh,2023PE4494,Data Structures - Vol 7,2026-02-25,2026-03-03,0
Ananya Iyer,2023PE3448,Operating Systems - Vol 2,2026-02-26,2026-03-15,3
Rahul Chauhan,2022PE8535,Engineering Math - Vol 3,2026-03-11,2026-03-23,0
Diya Das,2023PE9278,Engineering Math - Vol 5,2026-02-18,2026-03-14,10
Aarav Patil,2022PE2128,Engineering Math - Vol 9,2026-02-13,2026-03-08,9
Isha Malhotra,2023PE2992,Data Structures - Vol 3,2026-03-11,2026-03-18,0
Vihaan Pandey,2024PE1900,Data Structures - Vol 6,2026-02-25,2026-03-05,0
Myra Deshmukh,2024PE1429,Thermodynamics - Vol 1,2026-01-01,2026-01-06,0
Priya Das,2022PE4198,Engineering Math - Vol 10,2025-12-29,2026-01-11,0
Anika Kulkarni,2022PE8078,Data Structures - Vol 4,2026-01-04,2026-01-22,4
Kiara Pandey,2022PE4880,Microprocessors - Vol 8,2026-01-23,2026-02-07,1
Aditya Deshmukh,2024PE4183,Microprocessors - Vol 7,2026-01-04,2026-01-22,4
Tanvi Kulkarni,2024PE2784,Operating Systems - Vol 9,2025-12-27,2026-01-07,0
Ishaan Pandey,2024PE9605,Thermodynamics - Vol 7,2026-01-17,2026-02-03,3
Isha Sharma,2023PE2435,Engineering Math - Vol 8,2026-03-01,2026-03-26,11
Aryan Kulkarni,2023PE2067,Engineering Math - Vol 7,2026-01-23,2026-02-07,1
Arjun Nair,2024PE6873,Data Structures - Vol 6,2026-01-30,2026-02-04,0
Yash Deshmukh,2022PE8185,Operating Systems - Vol 4,2026-02-27,2026-03-23,10
Priya Gupta,2022PE4606,Microprocessors - Vol 6,2026-01-22,2026-01-31,0
Aditya Kulkarni,2023PE3937,Operating Systems - Vol 5,2026-01-17,2026-01-29,0
Diya Gupta,2022PE9314,Thermodynamics - Vol 1,2026-03-19,2026-03-28,0
Sanya Sharma,2023PE2220,Engineering Math - Vol 3,2026-02-13,2026-02-26,0
Rohan Mehta,2022PE3973,Thermodynamics - Vol 6,2025-12-31,2026-01-05,0
Anika Joshi,2024PE8638,Microprocessors - Vol 1,2026-01-07,2026-01-20,0
Anika Chauhan,2024PE6059,Thermodynamics - Vol 2,2026-01-10,2026-01-16,0
Ananya Nair,2023PE5198,Microprocessors - Vol 1,2026-03-04,2026-03-21,3
Yash Mishra,2022PE3342,Thermodynamics - Vol 3,2026-02-24,2026-03-17,7
Myra Patil,2023PE9644,Thermodynamics - Vol 2,2026-01-15,2026-02-03,5
Rohan Kaur,2023PE1507,Engineering Math - Vol 9,2026-03-03,2026-03-17,0
Rahul Reddy,2023PE3104,Microprocessors - Vol 2,2026-01-02,2026-01-08,0
Sneha Verma,2022PE5578,Operating Systems - Vol 4,2026-01-13,2026-02-07,11
Aryan Kaur,2023PE2899,Operating Systems - Vol 1,2026-02-03,2026-02-20,3
Sneha Kaur,2024PE2849,Microprocessors - Vol 10,2026-02-02,2026-02-22,6
Kiara Malhotra,2022PE2856,Operating Systems - Vol 5,2025-12-28,2026-01-04,0
Yash Malhotra,2023PE4397,Engineering Math - Vol 5,2026-03-02,2026-03-10,0
Diya Gupta,2022PE3282,Operating Systems - Vol 10,2025-12-26,2026-01-01,0
Tanvi Verma,2022PE9180,Operating Systems - Vol 3,2026-03-07,2026-03-30,9
Diya Mishra,2022PE8106,Engineering Math - Vol 8,2026-01-09,2026-02-02,10
Diya Mishra,2022PE8106,Engineering Math - Vol 6,2025-12-27,2026-01-05,0
Tanvi Kaur,2023PE6188,Microprocessors - Vol 3,2026-01-05,2026-01-22,3
Myra Mehta,2023PE6238,Data Structures - Vol 4,2026-03-03,2026-03-08,0
Diya Patil,2024PE1819,Data Structures - Vol 3,2026-01-05,2026-01-16,0
Kiara Kaur,2022PE4816,Microprocessors - Vol 2,2026-01-08,2026-01-23,1
Isha Kaur,2023PE4750,Engineering Math - Vol 10,2026-01-04,2026-01-28,10
Sneha Sharma,2023PE8815,Engineering Math - Vol 6,2026-01-14,2026-01-31,3
Rahul Iyer,2023PE5757,Engineering Math - Vol 10,2026-01-22,2026-01-28,0
Vihaan Pandey,2024PE1900,Microprocessors - Vol 1,2026-02-14,2026-03-04,4
Sanya Sharma,2023PE2220,Thermodynamics - Vol 8,2026-03-07,2026-03-23,2
Aarav Kulkarni,2022PE4058,Operating Systems - Vol 10,2026-02-11,2026-02-27,2
Myra Malhotra,2022PE3617,Microprocessors - Vol 1,2026-03-19,2026-04-04,2
Aryan Kulkarni,2023PE2067,Operating Systems - Vol 2,2026-01-23,2026-02-15,9
Arjun Yadav,2024PE4828,Operating Systems - Vol 2,2026-01-02,2026-01-09,0
Aryan Mishra,2024PE3169,Engineering Math - Vol 3,2026-02-20,2026-03-17,11
Rohan Chauhan,2022PE4043,Microprocessors - Vol 7,2026-03-05,2026-03-20,1
Aditya Malhotra,2024PE8709,Engineering Math - Vol 4,2026-01-23,2026-02-15,9
Ananya Patil,2022PE7982,Thermodynamics - Vol 2,2026-01-17,2026-01-28,0
Vihaan Gupta,2024PE5287,Engineering Math - Vol 5,2026-03-12,2026-04-01,6
Aarav Bose,2023PE2504,Operating Systems - Vol 10,2026-02-23,2026-03-04,0
Yash Singh,2023PE1031,Data Structures - Vol 9,2026-02-20,2026-03-10,4
Aditya Malhotra,2022PE6522,Microprocessors - Vol 5,2025-12-29,2026-01-22,10
Aryan Bose,2022PE3908,Microprocessors - Vol 1,2026-01-10,2026-01-22,0
Sanya Chauhan,2023PE5053,Microprocessors - Vol 5,2026-02-23,2026-03-10,1
Diya Yadav,2024PE1739,Operating Systems - Vol 4,2026-01-20,2026-01-26,0
Isha Gupta,2022PE1587,Microprocessors - Vol 10,2026-01-15,2026-01-21,0
Anika Nair,2024PE7282,Microprocessors - Vol 1,2026-03-02,2026-03-14,0
Yash Sharma,2024PE9809,Engineering Math - Vol 4,2026-02-19,2026-03-15,10
Priya Verma,2023PE4540,Microprocessors - Vol 9,2026-01-15,2026-01-27,0
Sneha Pandey,2023PE5546,Data Structures - Vol 10,2026-02-12,2026-03-03,5
Aditya Yadav,2024PE5800,Engineering Math - Vol 3,2026-01-14,2026-01-19,0
Ananya Patil,2022PE7982,Data Structures - Vol 5,2025-12-31,2026-01-13,0
Kiara Iyer,2023PE2934,Engineering Math - Vol 10,2026-01-14,2026-02-03,6
Ananya Pandey,2023PE9373,Microprocessors - Vol 6,2026-02-15,2026-03-01,0
Tanvi Malhotra,2023PE5100,Thermodynamics - Vol 10,2026-01-10,2026-01-30,6
Aryan Bose,2022PE3908,Operating Systems - Vol 1,2026-03-09,2026-03-18,0
Kiara Singh,2024PE3563,Microprocessors - Vol 7,2025-12-31,2026-01-23,9
Sneha Deshmukh,2023PE6596,Engineering Math - Vol 7,2026-03-08,2026-03-23,1
Sneha Malhotra,2022PE1215,Thermodynamics - Vol 5,2025-12-30,2026-01-06,0
Kabir Patil,2024PE1544,Engineering Math - Vol 3,2026-02-24,2026-03-12,2
Rohan Yadav,2024PE7338,Operating Systems - Vol 2,2026-03-19,2026-04-10,8
Kiara Mehta,2024PE7785,Engineering Math - Vol 1,2026-02-20,2026-02-27,0
Myra Pandey,2024PE7269,Operating Systems - Vol 10,2026-03-14,2026-04-01,4
Kiara Pandey,2023PE9905,Data Structures - Vol 8,2026-01-09,2026-01-17,0
Anika Patil,2022PE1251,Microprocessors - Vol 1,2026-02-15,2026-03-11,10
Yash Nair,2022PE9851,Operating Systems - Vol 6,2026-02-25,2026-03-14,3
Ananya Patil,2022PE7982,Engineering Math - Vol 8,2026-03-21,2026-04-06,2
Rohan Gupta,2023PE8697,Operating Systems - Vol 8,2026-01-17,2026-02-08,8
Diya Joshi,2022PE3680,Thermodynamics - Vol 10,2025-12-27,2026-01-15,5
Kabir Patil,2022PE4513,Engineering Math - Vol 10,2026-02-28,2026-03-10,0
Vihaan Singh,2023PE3729,Operating Systems - Vol 4,2026-03-11,2026-03-22,0
Sanya Mishra,2022PE3437,Engineering Math - Vol 1,2026-03-11,2026-03-26,1
Diya Reddy,2024PE2122,Operating Systems - Vol 4,2026-01-25,2026-02-06,0
Ishaan Iyer,2022PE9375,Thermodynamics - Vol 4,2026-02-27,2026-03-10,0
Anika Patil,2022PE1251,Microprocessors - Vol 7,2026-03-13,2026-04-02,6
Aarav Sharma,2022PE4948,Engineering Math - Vol 8,2026-01-22,2026-02-03,0
Aryan Yadav,2024PE7501,Engineering Math - Vol 9,2026-01-28,2026-02-10,0
Isha Verma,2023PE5839,Microprocessors - Vol 9,2026-02-02,2026-02-15,0
Kiara Bose,2023PE3180,Engineering Math - Vol 7,2026-01-28,2026-02-03,0
Priya Malhotra,2023PE7621,Microprocessors - Vol 7,2025-12-29,2026-01-12,0
Sneha Das,2023PE3540,Microprocessors - Vol 6,2026-01-23,2026-02-07,1
Aarav Reddy,2023PE1447,Operating Systems - Vol 2,2026-03-19,2026-04-04,2
Sneha Bose,2022PE6207,Thermodynamics - Vol 10,2026-01-02,2026-01-27,11
Rohan Patil,2023PE2001,Microprocessors - Vol 1,2026-02-15,2026-03-11,10
Isha Sharma,2024PE3219,Thermodynamics - Vol 4,2026-02-26,2026-03-22,10
Aryan Kaur,2023PE2785,Microprocessors - Vol 4,2026-03-08,2026-03-13,0
Sneha Verma,2022PE5578,Thermodynamics - Vol 8,2026-02-08,2026-02-27,5
Aditya Kulkarni,2023PE3937,Engineering Math - Vol 6,2026-02-08,2026-03-03,9
Priya Malhotra,2023PE7621,Operating Systems - Vol 6,2026-03-03,2026-03-17,0
Myra Gupta,2023PE2217,Engineering Math - Vol 1,2026-03-14,2026-03-27,0
Anika Gupta,2023PE2368,Thermodynamics - Vol 8,2026-03-12,2026-03-22,0
Anika Patil,2024PE5591,Microprocessors - Vol 6,2026-02-16,2026-03-02,0
Rohan Patil,2023PE2001,Data Structures - Vol 4,2026-01-12,2026-01-22,0
Ishaan Iyer,2022PE9375,Microprocessors - Vol 1,2026-03-16,2026-03-23,0
Kabir Kulkarni,2023PE3977,Engineering Math - Vol 7,2026-02-07,2026-02-24,3
Vihaan Reddy,2023PE1644,Thermodynamics - Vol 8,2026-02-17,2026-03-11,8
Arjun Kaur,2024PE9181,Thermodynamics - Vol 8,2026-01-04,2026-01-21,3
Ishaan Deshmukh,2024PE2152,Thermodynamics - Vol 4,2025-12-29,2026-01-18,6
Kabir Gupta,2022PE9868,Microprocessors - Vol 6,2026-03-05,2026-03-22,3
Ishaan Verma,2022PE5574,Thermodynamics - Vol 2,2026-02-16,2026-03-06,4
Sanya Sharma,2023PE2220,Data Structures - Vol 7,2026-02-07,2026-03-04,11
Yash Joshi,2022PE3895,Data Structures - Vol 4,2026-01-15,2026-02-02,4
Sneha Malhotra,2022PE1215,Engineering Math - Vol 5,2026-02-07,2026-02-12,0
Aditya Das,2023PE2917,Thermodynamics - Vol 2,2026-03-04,2026-03-12,0
Isha Chauhan,2023PE9153,Engineering Math - Vol 10,2026-01-07,2026-01-30,9
Kabir Mehta,2022PE6088,Microprocessors - Vol 3,2026-02-27,2026-03-08,0
Ishaan Nair,2022PE4128,Data Structures - Vol 8,2026-02-14,2026-03-09,9
Sneha Sharma,2023PE8815,Microprocessors - Vol 6,2026-01-22,2026-02-10,5
Anika Kaur,2024PE5238,Engineering Math - Vol 5,2026-02-02,2026-02-23,7
Aarav Das,2022PE3196,Microprocessors - Vol 1,2026-01-18,2026-02-07,6
Kabir Iyer,2022PE7580,Microprocessors - Vol 9,2026-02-14,2026-03-11,11
Yash Iyer,2022PE3333,Engineering Math - Vol 8,2026-02-26,2026-03-10,0
Isha Chauhan,2023PE1534,Engineering Math - Vol 2,2026-01-13,2026-02-05,9
Ananya Nair,2023PE1280,Engineering Math - Vol 5,2026-02-13,2026-02-23,0
Vihaan Malhotra,2022PE1034,Operating Systems - Vol 8,2026-01-30,2026-02-09,0
Aarav Nair,2022PE3650,Operating Systems - Vol 4,2026-01-20,2026-02-02,0
Ananya Nair,2023PE5198,Engineering Math - Vol 4,2026-02-12,2026-03-01,3
Rohan Sharma,2022PE4156,Operating Systems - Vol 10,2026-03-09,2026-03-21,0
Sneha Das,2023PE3540,Engineering Math - Vol 8,2026-01-07,2026-02-01,11
Rohan Bose,2023PE2115,Operating Systems - Vol 5,2026-01-05,2026-01-27,8
Tanvi Kaur,2022PE5340,Microprocessors - Vol 8,2026-02-03,2026-02-25,8
Sneha Deshmukh,2023PE4489,Operating Systems - Vol 8,2026-03-20,2026-04-07,4
Sneha Das,2023PE3540,Microprocessors - Vol 2,2026-02-01,2026-02-09,0
Kabir Nair,2024PE4645,Operating Systems - Vol 6,2026-01-25,2026-02-17,9
Tanvi Iyer,2022PE1044,Microprocessors - Vol 2,2026-02-12,2026-03-08,10
Rohan Mehta,2022PE3973,Engineering Math - Vol 3,2026-01-05,2026-01-25,6
Isha Sharma,2024PE3219,Thermodynamics - Vol 2,2026-01-03,2026-01-08,0
Rahul Deshmukh,2024PE4508,Thermodynamics - Vol 5,2026-01-30,2026-02-17,4
Vihaan Pandey,2024PE1900,Data Structures - Vol 5,2026-01-18,2026-02-12,11
Sanya Sharma,2023PE2220,Engineering Math - Vol 7,2026-02-24,2026-03-02,0
Kiara Singh,2024PE3187,Operating Systems - Vol 6,2026-02-12,2026-02-26,0
Myra Malhotra,2022PE3617,Thermodynamics - Vol 7,2026-01-09,2026-01-18,0
Sneha Malhotra,2022PE1215,Engineering Math - Vol 4,2026-01-30,2026-02-16,3
Ishaan Verma,2022PE5574,Data Structures - Vol 9,2026-03-13,2026-03-21,0
Diya Deshmukh,2022PE8510,Thermodynamics - Vol 9,2026-01-08,2026-01-26,4
Diya Das,2023PE9278,Data Structures - Vol 3,2026-01-27,2026-02-19,9
Yash Kaur,2023PE6526,Data Structures - Vol 5,2026-01-19,2026-02-01,0
Aditya Das,2023PE2917,Operating Systems - Vol 10,2026-03-10,2026-03-21,0
Priya Malhotra,2023PE7621,Engineering Math - Vol 7,2025-12-27,2026-01-18,8
Ishaan Das,2023PE8964,Thermodynamics - Vol 10,2026-02-21,2026-02-27,0
Isha Yadav,2023PE3859,Thermodynamics - Vol 10,2026-01-30,2026-02-19,6
Aditya Mishra,2024PE2046,Engineering Math - Vol 7,2026-02-23,2026-03-06,0
Aarav Kulkarni,2023PE4942,Operating Systems - Vol 7,2026-02-02,2026-02-15,0
Vihaan Das,2024PE6333,Engineering Math - Vol 7,2026-02-05,2026-02-25,6
Ananya Reddy,2022PE1809,Data Structures - Vol 7,2026-03-10,2026-03-28,4
Sneha Deshmukh,2023PE4489,Operating Systems - Vol 4,2026-02-11,2026-02-24,0
Aditya Kulkarni,2023PE3937,Thermodynamics - Vol 3,2026-01-20,2026-02-02,0
Sneha Das,2023PE3540,Thermodynamics - Vol 8,2026-02-03,2026-02-19,2
Ananya Nair,2023PE1280,Operating Systems - Vol 5,2026-01-09,2026-01-15,0
Rohan Sharma,2023PE4338,Data Structures - Vol 3,2026-01-02,2026-01-22,6
Kabir Joshi,2022PE2650,Engineering Math - Vol 4,2026-01-27,2026-02-06,0
Vihaan Gupta,2023PE8075,Operating Systems - Vol 8,2026-02-12,2026-03-05,7
Sneha Das,2023PE8959,Engineering Math - Vol 9,2026-02-06,2026-02-11,0
Myra Malhotra,2022PE3617,Thermodynamics - Vol 8,2026-01-22,2026-01-28,0
Aditya Deshmukh,2024PE4183,Operating Systems - Vol 8,2026-03-11,2026-04-04,10
Vihaan Reddy,2022PE1945,Microprocessors - Vol 2,2026-01-02,2026-01-10,0
Kiara Pandey,2023PE7818,Microprocessors - Vol 3,2026-02-20,2026-03-08,2
Vihaan Gupta,2024PE5287,Engineering Math - Vol 10,2026-01-10,2026-01-29,5
Ananya Kaur,2024PE5384,Thermodynamics - Vol 2,2026-02-18,2026-03-03,0
Vihaan Das,2024PE6333,Data Structures - Vol 2,2025-12-27,2026-01-02,0
Diya Reddy,2023PE5595,Operating Systems - Vol 2,2026-02-04,2026-02-22,4
Anika Patil,2022PE1251,Engineering Math - Vol 2,2026-01-30,2026-02-21,8
Sneha Das,2023PE3540,Microprocessors - Vol 5,2026-01-18,2026-02-10,9
Vihaan Singh,2023PE3729,Thermodynamics - Vol 6,2026-01-26,2026-02-12,3
Kabir Iyer,2022PE7580,Operating Systems - Vol 9,2026-02-16,2026-03-07,5
Rahul Bose,2022PE6922,Engineering Math - Vol 2,2026-02-27,2026-03-06,0
Tanvi Kulkarni,2023PE2625,Data Structures - Vol 7,2026-03-01,2026-03-16,1
Anika Gupta,2023PE2368,Microprocessors - Vol 10,2026-03-13,2026-03-26,0
Sneha Kaur,2024PE2849,Engineering Math - Vol 5,2026-02-11,2026-03-02,5
Sneha Bose,2022PE6207,Microprocessors - Vol 7,2026-03-09,2026-03-17,0
Kiara Malhotra,2022PE2856,Thermodynamics - Vol 2,2026-02-24,2026-03-04,0
Myra Kaur,2022PE5539,Microprocessors - Vol 2,2026-03-20,2026-03-27,0
Ananya Nair,2023PE1280,Thermodynamics - Vol 1,2026-01-04,2026-01-16,0
Ananya Chauhan,2024PE2039,Engineering Math - Vol 7,2026-03-06,2026-03-15,0
Yash Nair,2022PE9851,Engineering Math - Vol 1,2026-02-06,2026-03-03,11
Ananya Pandey,2024PE2583,Engineering Math - Vol 3,2026-03-15,2026-03-21,0
Arjun Mehta,2024PE3704,Operating Systems - Vol 8,2026-03-17,2026-04-03,3
Kiara Iyer,2022PE1727,Data Structures - Vol 4,2026-03-07,2026-03-13,0
Arjun Kaur,2024PE9181,Engineering Math - Vol 9,2026-02-10,2026-02-17,0
Anika Gupta,2022PE7392,Data Structures - Vol 10,2025-12-31,2026-01-16,2
Kiara Kaur,2022PE9378,Microprocessors - Vol 8,2026-02-19,2026-03-10,5
Aryan Malhotra,2023PE2476,Data Structures - Vol 6,2026-01-01,2026-01-24,9
Sneha Mehta,2023PE7260,Microprocessors - Vol 9,2025-12-31,2026-01-21,7
Diya Singh,2024PE1541,Data Structures - Vol 5,2026-03-16,2026-04-05,6
Anika Joshi,2022PE2460,Engineering Math - Vol 1,2026-02-22,2026-03-10,2
Tanvi Verma,2022PE9180,Data Structures - Vol 3,2026-03-02,2026-03-23,7
Sanya Sharma,2023PE2220,Microprocessors - Vol 1,2026-01-23,2026-02-16,10
Diya Verma,2022PE5753,Operating Systems - Vol 8,2026-03-21,2026-03-27,0
Yash Mishra,2023PE6758,Thermodynamics - Vol 1,2026-01-21,2026-02-08,4
Vihaan Singh,2023PE3729,Microprocessors - Vol 5,2026-03-12,2026-03-29,3
Sneha Bose,2022PE6207,Operating Systems - Vol 6,2026-02-11,2026-03-03,6
Anika Patil,2024PE3655,Operating Systems - Vol 1,2026-01-08,2026-01-23,1
